Python (programming language)	Jerryobject	2016-05-01T12:04:27Z
Python (programming language)	ClueBot NG	2016-05-01T07:11:54Z
Python (programming language)	156.158.181.48	2016-05-01T07:11:48Z
Python (programming language)	Jerryobject	2016-04-29T18:51:05Z
Python (programming language)	70.184.214.35	2016-04-27T02:48:31Z
Python (programming language)	Ntoll	2016-04-22T19:00:10Z
Python (programming language)	Ntoll	2016-04-22T18:46:10Z
Python (programming language)	0x6adb015	2016-04-15T13:25:28Z
Python (programming language)	74.214.110.226	2016-04-15T12:44:03Z
Python (programming language)	Comp.arch	2016-04-12T14:58:56Z
Python (programming language)	Mister Mormon	2016-04-06T06:22:44Z
Python (programming language)	Peterl	2016-04-05T13:54:15Z
Python (programming language)	Mister Mormon	2016-04-03T08:42:32Z
Python (programming language)	Andy Dingley	2016-04-02T16:00:56Z
Python (programming language)	The king of awesomeness	2016-04-02T15:43:35Z
Python (programming language)	0x6adb015	2016-03-31T18:56:04Z
Python (programming language)	216.39.15.194	2016-03-31T18:26:24Z
Python (programming language)	Bubba73	2016-03-31T00:36:11Z
Python (programming language)	14.1.193.223	2016-03-31T00:21:12Z
Python (programming language)	0x6adb015	2016-03-28T15:43:29Z
Python (programming language)	94.175.71.99	2016-03-28T15:20:06Z
Python (programming language)	Mean as custard	2016-03-24T10:03:18Z
Python (programming language)	Jakethesnake11	2016-03-24T09:47:47Z
Python (programming language)	ClueBot NG	2016-03-24T09:41:07Z
Python (programming language)	Jakethesnake11	2016-03-24T09:41:01Z
Python (programming language)	Sandvich18	2016-03-23T19:03:07Z
Python (programming language)	Knowlege and power	2016-03-23T19:01:25Z
Python (programming language)	Gadfium	2016-03-20T19:57:17Z
Python (programming language)	173.73.242.76	2016-03-20T15:16:35Z
Python (programming language)	Peterl	2016-03-20T09:48:59Z
Python (programming language)	Gadfium	2016-03-20T03:52:51Z
Python (programming language)	173.73.242.76	2016-03-20T02:52:25Z
Python (programming language)	70.184.214.35	2016-03-18T05:41:07Z
Python (programming language)	70.184.214.35	2016-03-18T05:30:28Z
Python (programming language)	70.184.214.35	2016-03-18T05:28:22Z
Python (programming language)	ChamithN	2016-03-17T03:11:12Z
Python (programming language)	131.191.30.70	2016-03-17T02:57:43Z
Python (programming language)	ChamithN	2016-03-15T06:34:54Z
Python (programming language)	Humble Contribution	2016-03-15T06:07:34Z
Python (programming language)	Peterl	2016-03-13T05:34:58Z
Python (programming language)	Arado	2016-03-13T03:39:10Z
Python (programming language)	Pianoman320	2016-03-12T19:38:49Z
Python (programming language)	86.184.107.165	2016-03-12T10:31:11Z
Python (programming language)	86.184.107.165	2016-03-12T10:29:02Z
Python (programming language)	Sigehelmus	2016-03-11T19:20:33Z
Python (programming language)	Serols	2016-03-04T12:09:38Z
Python (programming language)	183.82.213.52	2016-03-04T12:08:56Z
Python (programming language)	183.82.213.52	2016-03-04T12:07:17Z
Python (programming language)	183.82.213.52	2016-03-04T12:06:15Z
Python (programming language)	183.82.213.52	2016-03-04T12:05:39Z
Python (programming language)	71.228.30.57	2016-02-27T13:13:47Z
Python (programming language)	Ethaniel	2016-02-23T13:00:53Z
Python (programming language)	Peterl	2016-02-21T04:15:33Z
Python (programming language)	Mister Mormon	2016-02-20T18:51:21Z
Python (programming language)	Mister Mormon	2016-02-20T18:51:02Z
Python (programming language)	15.65.244.11	2016-02-16T19:37:51Z
Python (programming language)	ChamithN	2016-02-16T14:14:35Z
Python (programming language)	AndrewShipman	2016-02-16T13:25:34Z
Python (programming language)	AndrewShipman	2016-02-16T13:22:21Z
Python (programming language)	AndrewShipman	2016-02-16T13:21:42Z
Python (programming language)	AndrewShipman	2016-02-16T13:19:34Z
Python (programming language)	AndrewShipman	2016-02-16T13:17:23Z
Python (programming language)	AndrewShipman	2016-02-16T13:15:56Z
Python (programming language)	AndrewShipman	2016-02-16T13:14:51Z
Python (programming language)	AndrewShipman	2016-02-16T13:13:48Z
Python (programming language)	AndrewShipman	2016-02-16T13:11:03Z
Python (programming language)	Janez Demsar	2016-02-16T12:29:29Z
Python (programming language)	Viam Ferream	2016-02-15T16:19:35Z
Python (programming language)	Martib11	2016-02-15T16:12:06Z
Python (programming language)	François Robere	2016-02-13T01:46:01Z
Python (programming language)	2620:0:2820:2217:5D42:B:2F3D:9FA2	2016-02-09T04:12:05Z
Python (programming language)	ChamithN	2016-02-03T16:52:59Z
Python (programming language)	204.184.214.13	2016-02-03T16:36:20Z
Python (programming language)	Viam Ferream	2016-02-03T10:19:41Z
Python (programming language)	85.95.127.98	2016-02-03T10:17:38Z
Python (programming language)	50.126.125.240	2016-02-02T01:14:53Z
Python (programming language)	Iridescent	2016-01-31T18:52:36Z
Python (programming language)	JamesBWatson	2016-01-31T11:58:57Z
Python (programming language)	Andy Dingley	2016-01-30T11:17:28Z
Python (programming language)	JPJEFC	2016-01-30T11:05:46Z
Python (programming language)	JPJEFC	2016-01-30T11:02:16Z
Python (programming language)	Comp.arch	2016-01-30T00:17:34Z
Python (programming language)	118.209.53.157	2016-01-29T22:25:44Z
Python (programming language)	Peterl	2016-01-27T23:10:42Z
Python (programming language)	Andy Dingley	2016-01-24T11:01:16Z
Python (programming language)	91.113.8.165	2016-01-24T09:42:20Z
Python (programming language)	91.113.8.165	2016-01-24T09:26:09Z
Python (programming language)	Peterl	2016-01-23T02:43:56Z
Python (programming language)	Peterl	2016-01-23T02:41:08Z
Python (programming language)	Mister Mormon	2016-01-22T19:39:08Z
Python (programming language)	Xscontrib	2016-01-20T11:48:13Z
Python (programming language)	Peterl	2016-01-19T22:41:34Z
Python (programming language)	64.239.141.98	2016-01-19T21:09:56Z
Python (programming language)	Guy Macon	2016-01-19T14:11:06Z
Python (programming language)	Clozinski	2016-01-19T13:45:50Z
Python (programming language)	Gadfium	2016-01-17T22:09:46Z
Python (programming language)	RippleSax	2016-01-17T11:28:13Z
Python (programming language)	RippleSax	2016-01-17T10:45:49Z
Python (programming language)	Laoris	2016-01-14T16:59:16Z
Python (programming language)	Shinivangelion	2016-01-14T16:54:32Z
Python (programming language)	ClueBot NG	2016-01-08T05:20:31Z
Python (programming language)	210.212.217.68	2016-01-08T05:20:18Z
Python (programming language)	RippleSax	2016-01-07T14:50:29Z
Python (programming language)	WiserMrnatural	2016-01-06T01:17:11Z
Python (programming language)	Kidsankyran	2016-01-05T04:18:51Z
Python (programming language)	Simeon	2016-01-03T14:15:20Z
Python (programming language)	Simeon	2016-01-03T14:12:05Z
Python (programming language)	AirCombat	2016-01-01T04:57:17Z
Python (programming language)	AirCombat	2016-01-01T04:56:04Z
Python (programming language)	AirCombat	2016-01-01T04:55:08Z
Python (programming language)	AirCombat	2016-01-01T04:53:42Z
Python (programming language)	Peterl	2015-12-27T22:09:50Z
Python (programming language)	TJRC	2015-12-27T17:54:16Z
Python (programming language)	Mister Mormon	2015-12-25T11:48:49Z
Python (programming language)	ClueBot NG	2015-12-18T10:20:01Z
Python (programming language)	61.3.9.200	2015-12-18T10:19:51Z
Python (programming language)	TJRC	2015-12-18T01:03:38Z
Python (programming language)	Mister Mormon	2015-12-17T06:24:05Z
Python (programming language)	82.19.138.156	2015-12-16T04:07:43Z
Python (programming language)	69.132.140.38	2015-12-14T02:23:31Z
Python (programming language)	69.132.140.38	2015-12-14T02:22:41Z
Python (programming language)	Qzd	2015-12-13T12:16:25Z
Python (programming language)	77.98.41.27	2015-12-13T12:13:12Z
Python (programming language)	Peterl	2015-12-11T22:55:10Z
Python (programming language)	Huihermit	2015-12-11T14:37:56Z
Python (programming language)	Qwertyus	2015-12-10T19:40:49Z
Python (programming language)	Transfat0g	2015-12-09T00:11:23Z
Python (programming language)	Johnuniq	2015-12-05T02:21:54Z
Python (programming language)	71.89.253.238	2015-12-05T02:09:15Z
Python (programming language)	Joule36e5	2015-12-01T07:24:22Z
Python (programming language)	Gadfium	2015-11-22T04:32:04Z
Python (programming language)	67.198.113.68	2015-11-21T23:19:18Z
Python (programming language)	Laoris	2015-11-19T18:59:13Z
Python (programming language)	216.162.21.4	2015-11-19T18:57:36Z
Python (programming language)	216.162.21.4	2015-11-19T18:53:53Z
Python (programming language)	Nvtj	2015-11-18T17:04:20Z
Python (programming language)	Comp.arch	2015-11-14T16:31:45Z
Python (programming language)	Comp.arch	2015-11-14T16:30:31Z
Python (programming language)	Topperfalkon	2015-11-14T13:44:30Z
Python (programming language)	TJRC	2015-11-14T01:52:36Z
Python (programming language)	122.52.48.162	2015-11-14T01:50:25Z
Python (programming language)	Laoris	2015-11-12T20:59:19Z
Python (programming language)	80.7.239.150	2015-11-12T20:36:19Z
Python (programming language)	McSly	2015-11-05T04:31:49Z
Python (programming language)	Jonathan van helsing	2015-11-05T04:20:12Z
Python (programming language)	Materialscientist	2015-11-05T04:13:53Z
Python (programming language)	2.50.22.115	2015-11-05T04:13:06Z
Python (programming language)	ClueBot NG	2015-11-05T04:11:26Z
Python (programming language)	2.50.22.115	2015-11-05T04:11:14Z
Python (programming language)	K6ka	2015-11-04T12:40:03Z
Python (programming language)	202.56.254.194	2015-11-04T12:34:49Z
Python (programming language)	50.153.109.42	2015-11-01T11:44:56Z
Python (programming language)	50.153.109.42	2015-11-01T11:43:41Z
Python (programming language)	50.153.109.42	2015-11-01T10:57:12Z
Python (programming language)	Materialscientist	2015-10-25T11:12:05Z
Python (programming language)	176.252.183.75	2015-10-25T11:05:37Z
Python (programming language)	Peterl	2015-10-22T04:01:20Z
Python (programming language)	Myconix	2015-10-20T17:25:52Z
Python (programming language)	Comp.arch	2015-10-19T14:50:58Z
Python (programming language)	77.56.53.183	2015-10-16T17:01:34Z
Python (programming language)	77.56.53.183	2015-10-16T17:00:38Z
Python (programming language)	Andy Dingley	2015-10-13T10:33:51Z
Python (programming language)	77.56.53.183	2015-10-12T18:43:23Z
Python (programming language)	77.56.53.183	2015-10-12T18:42:58Z
Python (programming language)	Peterl	2015-10-12T09:45:42Z
Python (programming language)	Cyrej	2015-10-11T13:49:19Z
Python (programming language)	Samsara	2015-10-05T18:32:51Z
Python (programming language)	170.24.130.2	2015-10-05T18:18:03Z
Python (programming language)	170.24.130.2	2015-10-05T18:16:55Z
Python (programming language)	Peterl	2015-10-04T23:11:17Z
Python (programming language)	Nxavar	2015-10-01T13:33:28Z
Python (programming language)	Nxavar	2015-10-01T13:30:27Z
Python (programming language)	Wolbo	2015-09-29T16:05:32Z
Python (programming language)	2.233.253.238	2015-09-29T08:45:10Z
Python (programming language)	Terasaurus	2015-09-28T15:45:05Z
Python (programming language)	Oefe	2015-09-26T19:29:21Z
Python (programming language)	Oefe	2015-09-26T19:21:44Z
Python (programming language)	Nxavar	2015-09-25T12:06:48Z
Python (programming language)	I dream of horses	2015-09-24T16:21:20Z
Python (programming language)	147.252.234.200	2015-09-24T16:21:08Z
Python (programming language)	ClueBot NG	2015-09-24T16:00:33Z
Python (programming language)	147.252.234.186	2015-09-24T16:00:29Z
Python (programming language)	147.252.234.186	2015-09-24T15:59:56Z
Python (programming language)	Peterl	2015-09-24T00:40:31Z
Python (programming language)	AllahIsMyGod	2015-09-23T21:53:03Z
Python (programming language)	Kiwipidae	2015-09-23T17:15:08Z
Python (programming language)	Peterl	2015-09-22T07:03:06Z
Python (programming language)	120.61.160.109	2015-09-22T07:00:19Z
Python (programming language)	Supdiop	2015-09-19T04:35:38Z
Python (programming language)	112.79.39.29	2015-09-19T04:35:23Z
Python (programming language)	Comp.arch	2015-09-15T13:33:11Z
Python (programming language)	Yobot	2015-09-15T06:47:11Z
Python (programming language)	Mmpozulp	2015-09-14T07:22:29Z
Python (programming language)	Mikhail Ryazanov	2015-09-14T03:48:36Z
Python (programming language)	Mikhail Ryazanov	2015-09-14T03:44:45Z
Python (programming language)	Mikhail Ryazanov	2015-09-14T03:37:39Z
Python (programming language)	Mikhail Ryazanov	2015-09-14T03:31:56Z
Python (programming language)	Mikhail Ryazanov	2015-09-14T03:29:44Z
Python (programming language)	Transfat0g	2015-09-13T17:59:10Z
Python (programming language)	Nxavar	2015-09-10T09:35:15Z
Python (programming language)	Gadfium	2015-09-10T09:16:11Z
Python (programming language)	Nxavar	2015-09-10T09:11:49Z
Python (programming language)	Kiwipidae	2015-09-09T18:56:29Z
Python (programming language)	Aasasd	2015-09-09T13:12:47Z
Python (programming language)	Peterl	2015-09-09T11:07:11Z
Python (programming language)	Joule36e5	2015-09-08T22:06:49Z
Python (programming language)	Krauss	2015-09-03T22:52:49Z
Python (programming language)	Samsara	2015-09-01T08:24:02Z
Python (programming language)	121.58.209.51	2015-09-01T07:34:37Z
Python (programming language)	DumbBOT	2015-08-28T23:29:35Z
Python (programming language)	MarnetteD	2015-08-28T15:03:57Z
Python (programming language)	Comp.arch	2015-08-28T08:40:15Z
Python (programming language)	Comp.arch	2015-08-28T08:39:22Z
Python (programming language)	Comp.arch	2015-08-28T08:38:08Z
Python (programming language)	Comp.arch	2015-08-28T08:35:35Z
Python (programming language)	Comp.arch	2015-08-28T08:29:46Z
Python (programming language)	Gadfium	2015-08-28T06:43:47Z
Python (programming language)	Xscontrib	2015-08-28T06:17:49Z
Python (programming language)	Gadfium	2015-08-28T06:03:58Z
Python (programming language)	Xscontrib	2015-08-28T05:54:50Z
Python (programming language)	Cyberbot II	2015-08-27T10:17:14Z
Python (programming language)	Dorfsmay	2015-08-27T07:12:29Z
Python (programming language)	BG19bot	2015-08-27T04:43:17Z
Python (programming language)	StringTheory11	2015-08-26T23:00:26Z
Python (programming language)	StringTheory11	2015-08-26T23:00:11Z
Python (programming language)	Peterl	2015-08-26T22:29:21Z
Python (programming language)	Comp.arch	2015-08-26T17:52:27Z
Python (programming language)	Andy Dingley	2015-08-26T13:14:09Z
Python (programming language)	199.172.169.86	2015-08-26T13:01:10Z
Python (programming language)	ClueBot NG	2015-08-26T02:11:55Z
Python (programming language)	101.100.11.194	2015-08-26T02:11:52Z
Python (programming language)	Oshwah	2015-08-26T02:07:50Z
Python (programming language)	101.100.11.194	2015-08-26T02:07:42Z
Python (programming language)	Euphoria42	2015-08-26T02:04:10Z
Python (programming language)	101.100.11.194	2015-08-26T02:03:56Z
Python (programming language)	ChamithN	2015-08-26T02:03:11Z
Python (programming language)	101.100.11.194	2015-08-26T02:02:09Z
Python (programming language)	101.100.11.194	2015-08-26T02:00:27Z
Python (programming language)	Andy Dingley	2015-08-26T01:20:34Z
Python (programming language)	Speedracer3727	2015-08-26T01:18:33Z
Python (programming language)	Larrymcp	2015-08-25T05:09:03Z
Python (programming language)	Jhawkinson	2015-08-24T23:01:44Z
Python (programming language)	Peterl	2015-08-24T22:40:56Z
Python (programming language)	Jhawkinson	2015-08-24T01:19:45Z
Python (programming language)	Gadfium	2015-08-22T07:02:24Z
Python (programming language)	85.220.40.161	2015-08-22T04:32:04Z
Python (programming language)	Gilliam	2015-08-14T06:03:07Z
Python (programming language)	124.107.169.75	2015-08-14T05:53:18Z
Python (programming language)	The king of awesomeness	2015-08-13T19:14:10Z
Python (programming language)	The king of awesomeness	2015-08-13T19:12:13Z
Python (programming language)	Gadfium	2015-08-12T22:48:16Z
Python (programming language)	The king of awesomeness	2015-08-12T20:41:48Z
Python (programming language)	DungeonSiegeAddict510	2015-07-30T01:31:11Z
Python (programming language)	Magic ElSida	2015-07-29T23:18:00Z
Python (programming language)	Gadfium	2015-07-27T06:09:25Z
Python (programming language)	115.248.50.230	2015-07-27T05:49:34Z
Python (programming language)	Prosfilaes	2015-07-25T05:01:01Z
Python (programming language)	Edwinbubble	2015-07-21T15:36:10Z
Python (programming language)	Intforce	2015-07-20T22:52:58Z
Python (programming language)	Intforce	2015-07-20T22:52:18Z
Python (programming language)	99.101.10.228	2015-07-20T21:26:17Z
Python (programming language)	Gadfium	2015-07-18T02:31:58Z
Python (programming language)	183.82.219.38	2015-07-18T02:00:01Z
Python (programming language)	62.46.188.253	2015-07-16T21:50:32Z
Python (programming language)	Yobot	2015-07-16T06:33:58Z
Python (programming language)	188.230.122.246	2015-07-15T10:50:55Z
Python (programming language)	122.15.202.74	2015-07-15T09:45:35Z
Python (programming language)	193.191.216.75	2015-07-15T09:35:54Z
Python (programming language)	Félix Wolf	2015-07-14T10:55:42Z
Python (programming language)	5.150.101.253	2015-07-14T10:55:29Z
Python (programming language)	Félix Wolf	2015-07-14T10:53:55Z
Python (programming language)	5.150.101.253	2015-07-14T10:53:39Z
Python (programming language)	5.150.101.253	2015-07-14T10:53:36Z
Python (programming language)	5.150.101.253	2015-07-14T10:52:43Z
Python (programming language)	5.150.101.253	2015-07-14T10:52:01Z
Python (programming language)	5.150.101.253	2015-07-14T10:51:06Z
Python (programming language)	5.150.101.253	2015-07-14T10:50:34Z
Python (programming language)	5.150.101.253	2015-07-14T10:49:56Z
Python (programming language)	ClueBot NG	2015-07-14T10:48:47Z
Python (programming language)	5.150.101.253	2015-07-14T10:48:40Z
Python (programming language)	5.150.101.253	2015-07-14T10:47:51Z
Python (programming language)	Norvoid	2015-07-09T15:58:47Z
Python (programming language)	FutureTrillionaire	2015-07-09T01:38:38Z
Python (programming language)	131.254.15.205	2015-07-01T15:31:57Z
Python (programming language)	Chokroback	2015-07-01T14:56:05Z
Python (programming language)	McSly	2015-06-26T14:04:24Z
Python (programming language)	AbdullahiLDN	2015-06-26T14:04:03Z
Python (programming language)	TextMech	2015-06-24T09:00:16Z
Python (programming language)	Vsmith	2015-06-21T16:13:14Z
Python (programming language)	108.73.115.10	2015-06-21T09:22:44Z
Python (programming language)	137.48.251.237	2015-06-19T07:45:11Z
Python (programming language)	Yobot	2015-06-16T07:42:51Z
Python (programming language)	CarnivorousBunny	2015-06-16T01:26:28Z
Python (programming language)	Gadfium	2015-06-15T08:36:30Z
Python (programming language)	1.9.137.2	2015-06-15T08:27:35Z
Python (programming language)	76.122.187.87	2015-06-15T07:54:20Z
Python (programming language)	76.122.187.87	2015-06-15T07:53:21Z
Python (programming language)	76.122.187.87	2015-06-15T07:51:57Z
Python (programming language)	70.184.214.45	2015-06-14T07:15:22Z
Python (programming language)	70.184.214.45	2015-06-13T23:35:23Z
Python (programming language)	70.184.214.45	2015-06-13T09:45:11Z
Python (programming language)	Tjohnson2	2015-06-10T15:27:52Z
Python (programming language)	67.180.35.169	2015-06-02T20:33:50Z
Python (programming language)	Peaceray	2015-06-02T17:40:40Z
Python (programming language)	91.77.225.7	2015-06-02T11:44:03Z
Python (programming language)	Dexbot	2015-05-31T03:48:29Z
Python (programming language)	68.150.39.10	2015-05-29T02:01:10Z
Python (programming language)	Peterl	2015-05-27T10:09:25Z
Python (programming language)	23.233.68.122	2015-05-26T19:10:01Z
Python (programming language)	Belamp	2015-05-25T10:14:05Z
Python (programming language)	Gadfium	2015-05-24T05:28:14Z
Python (programming language)	68.2.85.49	2015-05-20T04:38:27Z
Python (programming language)	Yobot	2015-05-16T06:58:00Z
Python (programming language)	Peterl	2015-05-15T06:40:18Z
Python (programming language)	Peterl	2015-05-15T06:31:53Z
Python (programming language)	Grghosal	2015-05-15T01:42:33Z
Python (programming language)	Cedar101	2015-05-12T04:02:43Z
Python (programming language)	BG19bot	2015-05-09T05:35:42Z
Python (programming language)	Dom96	2015-05-08T20:35:59Z
Python (programming language)	ClueBot NG	2015-05-08T08:31:02Z
Python (programming language)	82.45.159.38	2015-05-08T08:31:00Z
Python (programming language)	82.45.159.38	2015-05-08T08:29:34Z
Python (programming language)	49.207.253.71	2015-05-07T16:45:07Z
Python (programming language)	Hexene	2015-05-05T17:17:25Z
Python (programming language)	Gadfium	2015-05-04T06:14:01Z
Python (programming language)	Bgwhite	2015-05-04T04:58:41Z
Python (programming language)	174.134.175.75	2015-05-04T04:14:36Z
Python (programming language)	KamranMackey	2015-05-03T00:55:05Z
Python (programming language)	AlanUS	2015-05-01T14:42:15Z
Python (programming language)	AlanUS	2015-05-01T14:36:14Z
Python (programming language)	Andy Dingley	2015-04-26T12:48:45Z
Python (programming language)	49.207.187.171	2015-04-26T12:34:38Z
Python (programming language)	49.207.187.171	2015-04-26T12:33:24Z
Python (programming language)	79.51.246.208	2015-04-25T13:35:35Z
Python (programming language)	Bentogoa	2015-04-23T18:10:39Z
Python (programming language)	192.249.3.128	2015-04-23T18:06:46Z
Python (programming language)	Onel5969	2015-04-23T14:00:09Z
Python (programming language)	92.70.53.119	2015-04-23T13:49:50Z
Python (programming language)	Smalljim	2015-04-22T15:58:29Z
Python (programming language)	115.248.253.33	2015-04-22T15:57:18Z
Python (programming language)	Waldir	2015-04-19T15:53:05Z
Python (programming language)	UY Scuti	2015-04-19T15:26:35Z
Python (programming language)	UY Scuti	2015-04-19T13:21:24Z
Python (programming language)	Awesomeshreyo	2015-04-19T13:06:53Z
Python (programming language)	Awesomeshreyo	2015-04-19T13:05:48Z
Python (programming language)	Peterl	2015-04-14T21:50:08Z
Python (programming language)	YOLOswaggins24	2015-04-14T20:53:32Z
Python (programming language)	Gadfium	2015-04-14T20:26:22Z
Python (programming language)	Sizeofint	2015-04-14T18:18:09Z
Python (programming language)	McSly	2015-04-13T19:51:31Z
Python (programming language)	Pawel Lachowicz	2015-04-13T19:27:46Z
Python (programming language)	Gadfium	2015-04-13T09:21:27Z
Python (programming language)	193.62.31.36	2015-04-13T07:52:36Z
Python (programming language)	98.249.232.71	2015-04-10T23:42:27Z
Python (programming language)	AManWithNoPlan	2015-03-27T16:27:37Z
Python (programming language)	Xscontrib	2015-03-25T06:10:33Z
Python (programming language)	Peterl	2015-03-23T09:41:12Z
Python (programming language)	Gilo1969	2015-03-21T19:37:05Z
Python (programming language)	Jarble	2015-03-21T17:42:28Z
Python (programming language)	Andy Dingley	2015-03-16T20:26:31Z
Python (programming language)	I8086	2015-03-16T17:39:24Z
Python (programming language)	188.23.233.135	2015-03-16T03:40:59Z
Python (programming language)	DrJolo	2015-03-15T22:53:54Z
Python (programming language)	Transcendence	2015-03-13T20:56:54Z
Python (programming language)	Defuz	2015-03-13T20:03:01Z
Python (programming language)	Graham87	2015-03-03T04:45:24Z
Python (programming language)	I8086	2015-03-03T00:56:51Z
Python (programming language)	I8086	2015-03-03T00:55:28Z
Python (programming language)	Bubba73	2015-02-28T17:58:11Z
Python (programming language)	CountMacula	2015-02-28T14:56:21Z
Python (programming language)	1.115.195.149	2015-02-27T02:20:05Z
Python (programming language)	Mindmatrix	2015-02-23T23:41:30Z
Python (programming language)	Coffeeandmilkandsugar	2015-02-23T20:51:50Z
Python (programming language)	Lotje	2015-02-23T06:55:29Z
Python (programming language)	ClueBot NG	2015-02-21T13:33:33Z
Python (programming language)	80.44.182.112	2015-02-21T13:33:31Z
Python (programming language)	Orphan Wiki	2015-02-21T13:32:28Z
Python (programming language)	80.44.182.112	2015-02-21T13:32:15Z
Python (programming language)	Chiefmanzzz	2015-02-21T06:35:08Z
Python (programming language)	Gilliam	2015-02-11T14:55:01Z
Python (programming language)	146.232.65.203	2015-02-11T14:49:33Z
Python (programming language)	Peterl	2015-02-08T04:21:51Z
Python (programming language)	Comp.arch	2015-02-06T23:45:46Z
Python (programming language)	Peterl	2015-01-31T23:35:51Z
Python (programming language)	178.116.209.147	2015-01-31T23:05:20Z
Python (programming language)	Zziccardi	2015-01-31T00:10:00Z
Python (programming language)	Zziccardi	2015-01-31T00:09:35Z
Python (programming language)	Citation bot	2015-01-31T00:07:24Z
Python (programming language)	121.242.232.132	2015-01-29T09:45:25Z
Python (programming language)	121.242.232.132	2015-01-29T09:44:08Z
Python (programming language)	MusikAnimal	2015-01-26T17:13:52Z
Python (programming language)	198.188.196.42	2015-01-26T17:13:46Z
Python (programming language)	ClueBot NG	2015-01-26T17:13:40Z
Python (programming language)	198.188.196.42	2015-01-26T17:13:36Z
Python (programming language)	198.188.196.35	2015-01-26T17:06:45Z
Python (programming language)	198.188.196.42	2015-01-26T17:04:48Z
Python (programming language)	Gloss	2015-01-22T21:55:11Z
Python (programming language)	104.153.29.237	2015-01-22T21:40:24Z
Python (programming language)	86.30.244.11	2015-01-22T16:44:09Z
Python (programming language)	80.110.109.186	2015-01-22T02:00:01Z
Python (programming language)	DungeonSiegeAddict510	2015-01-20T01:38:38Z
Python (programming language)	Simeon	2015-01-18T22:13:13Z
Python (programming language)	Simeon	2015-01-18T22:11:52Z
Python (programming language)	96.230.119.199	2015-01-16T02:19:07Z
Python (programming language)	Andy Dingley	2015-01-14T17:06:00Z
Python (programming language)	69.191.241.59	2015-01-14T16:24:37Z
Python (programming language)	Andy Dingley	2015-01-06T12:45:38Z
Python (programming language)	217.114.60.226	2015-01-06T12:18:08Z
Python (programming language)	Petrb	2015-01-05T14:58:19Z
Python (programming language)	89.207.213.121	2015-01-05T14:58:12Z
Python (programming language)	Yobot	2015-01-03T08:32:26Z
Python (programming language)	108.33.151.178	2015-01-02T14:33:52Z
Python (programming language)	L.Willms	2014-12-24T14:06:20Z
Python (programming language)	Peterl	2014-12-12T01:36:09Z
Python (programming language)	Yxyang93	2014-12-11T09:40:18Z
Python (programming language)	Helios crucible	2014-12-10T23:59:50Z
Python (programming language)	Gilliam	2014-12-08T13:00:06Z
Python (programming language)	125.60.156.232	2014-12-08T12:56:55Z
Python (programming language)	178.116.216.184	2014-12-06T21:08:03Z
Python (programming language)	Andy Dingley	2014-12-03T00:32:24Z
Python (programming language)	JackHed	2014-12-03T00:28:02Z
Python (programming language)	212.50.248.10	2014-12-02T09:20:54Z
Python (programming language)	212.50.248.10	2014-12-02T09:20:04Z
Python (programming language)	212.50.248.10	2014-12-02T09:19:17Z
Python (programming language)	212.50.248.10	2014-12-02T09:11:36Z
Python (programming language)	75.94.37.125	2014-12-02T02:39:38Z
Python (programming language)	Peterl	2014-11-25T06:52:12Z
Python (programming language)	Gadfium	2014-11-25T02:35:32Z
Python (programming language)	Peaceray	2014-11-25T01:30:01Z
Python (programming language)	Gadfium	2014-11-24T19:53:33Z
Python (programming language)	183.82.101.105	2014-11-24T13:10:35Z
Python (programming language)	Andy Dingley	2014-11-18T15:09:52Z
Python (programming language)	82.219.28.253	2014-11-18T14:45:55Z
Python (programming language)	82.219.28.253	2014-11-18T14:44:23Z
Python (programming language)	82.219.28.253	2014-11-18T14:43:43Z
Python (programming language)	Beland	2014-11-13T14:54:11Z
Python (programming language)	Peterl	2014-11-13T07:32:57Z
Python (programming language)	Beland	2014-11-12T21:18:11Z
Python (programming language)	Peterl	2014-11-06T09:20:45Z
Python (programming language)	120.60.129.68	2014-11-05T20:20:28Z
Python (programming language)	Haminoon	2014-11-04T07:02:08Z
Python (programming language)	122.2.19.195	2014-11-04T06:18:05Z
Python (programming language)	Haminoon	2014-11-04T06:10:49Z
Python (programming language)	122.2.19.195	2014-11-04T06:07:39Z
Python (programming language)	122.2.19.195	2014-11-04T06:06:22Z
Python (programming language)	122.2.19.195	2014-11-04T06:02:32Z
Python (programming language)	Favonian	2014-11-02T11:25:12Z
Python (programming language)	123.112.250.218	2014-11-02T11:05:05Z
Python (programming language)	Babitaarora	2014-10-31T06:17:18Z
Python (programming language)	118.102.202.82	2014-10-31T06:15:53Z
Python (programming language)	80.218.171.9	2014-10-30T20:34:52Z
Python (programming language)	CamelCase	2014-10-30T03:52:05Z
Python (programming language)	128.229.4.2	2014-10-28T17:42:03Z
Python (programming language)	Amine Brikci N	2014-10-27T08:42:37Z
Python (programming language)	Andy Dingley	2014-10-24T11:38:36Z
Python (programming language)	Wes.turner	2014-10-24T11:36:33Z
Python (programming language)	Mstow	2014-10-15T17:23:57Z
Python (programming language)	Mstow	2014-10-15T17:20:30Z
Python (programming language)	Mandruss	2014-10-15T01:34:26Z
Python (programming language)	Huihermit	2014-10-11T02:37:52Z
Python (programming language)	Dough34	2014-10-10T17:09:08Z
Python (programming language)	ClueBot NG	2014-10-03T20:09:46Z
Python (programming language)	174.45.64.253	2014-10-03T20:09:41Z
Python (programming language)	Peterl	2014-10-02T03:11:11Z
Python (programming language)	MattOloughlin	2014-10-02T02:10:44Z
Python (programming language)	Zziccardi	2014-09-30T20:31:05Z
Python (programming language)	0x6adb015	2014-09-24T17:11:42Z
Python (programming language)	116.203.75.6	2014-09-24T16:05:18Z
Python (programming language)	Gadfium	2014-09-22T06:54:52Z
Python (programming language)	115.248.50.28	2014-09-22T06:37:09Z
Python (programming language)	Gadfium	2014-09-19T21:05:09Z
Python (programming language)	76.92.189.138	2014-09-19T14:12:58Z
Python (programming language)	76.92.189.138	2014-09-19T13:30:48Z
Python (programming language)	HiLo48	2014-09-10T12:18:25Z
Python (programming language)	49.248.247.182	2014-09-10T12:15:32Z
Python (programming language)	ClueBot NG	2014-09-09T15:37:22Z
Python (programming language)	87.38.46.7	2014-09-09T15:37:14Z
Python (programming language)	Mdd	2014-09-09T11:04:43Z
Python (programming language)	Dexbot	2014-09-03T04:37:30Z
Python (programming language)	Faramir1138	2014-09-02T07:00:22Z
Python (programming language)	Faramir1138	2014-09-02T06:00:53Z
Python (programming language)	Faramir1138	2014-09-02T04:00:33Z
Python (programming language)	70.198.36.111	2014-09-02T03:00:35Z
Python (programming language)	70.198.42.134	2014-09-02T02:50:31Z
Python (programming language)	Dexbot	2014-09-02T02:46:53Z
Python (programming language)	70.198.39.107	2014-09-02T02:00:45Z
Python (programming language)	70.198.35.20	2014-09-02T01:58:02Z
Python (programming language)	70.198.33.152	2014-09-01T06:40:46Z
Python (programming language)	Zfish118	2014-08-27T21:55:52Z
Python (programming language)	Born2bgratis	2014-08-26T00:10:51Z
Python (programming language)	Peterl	2014-08-26T00:04:22Z
Python (programming language)	Born2bgratis	2014-08-25T06:02:25Z
Python (programming language)	Seaphoto	2014-08-25T00:14:00Z
Python (programming language)	24.6.16.2	2014-08-24T23:25:42Z
Python (programming language)	Chmarkine	2014-08-15T21:34:52Z
Python (programming language)	Chmarkine	2014-08-15T21:32:41Z
Python (programming language)	173.89.155.92	2014-08-15T09:08:04Z
Python (programming language)	Smk65536	2014-08-15T07:54:52Z
Python (programming language)	Bilbo571	2014-08-15T03:38:05Z
Python (programming language)	Peterl	2014-08-14T10:22:02Z
Python (programming language)	5.52.31.155	2014-08-13T17:48:17Z
Python (programming language)	Jandalhandler	2014-08-13T04:45:22Z
Python (programming language)	Mayast	2014-08-12T13:28:22Z
Python (programming language)	TJRC	2014-08-10T00:25:08Z
Python (programming language)	180.92.146.236	2014-08-09T23:27:44Z
Python (programming language)	Smk65536	2014-08-09T11:38:52Z
Python (programming language)	Linuxjava	2014-08-06T18:36:15Z
Python (programming language)	Linuxjava	2014-08-06T18:24:46Z
Python (programming language)	ClueBot NG	2014-08-01T13:42:13Z
Python (programming language)	Alphafoxtrot4	2014-08-01T13:42:06Z
Python (programming language)	Alphafoxtrot4	2014-08-01T13:37:47Z
Python (programming language)	Lartoven	2014-08-01T06:54:27Z
Python (programming language)	27.251.125.196	2014-08-01T06:53:29Z
Python (programming language)	27.251.125.196	2014-08-01T06:49:28Z
Python (programming language)	Meters	2014-07-30T17:26:46Z
Python (programming language)	96.237.238.47	2014-07-30T17:26:02Z
Python (programming language)	ClueBot NG	2014-07-30T17:25:14Z
Python (programming language)	96.237.238.47	2014-07-30T17:25:09Z
Python (programming language)	TJRC	2014-07-30T14:16:48Z
Python (programming language)	2014Best	2014-07-30T10:11:24Z
Python (programming language)	2014Best	2014-07-30T09:56:25Z
Python (programming language)	2014Best	2014-07-30T09:53:08Z
Python (programming language)	162.210.130.3	2014-07-30T02:22:24Z
Python (programming language)	24.163.57.93	2014-07-30T00:33:44Z
Python (programming language)	2014Best	2014-07-29T11:45:06Z
Python (programming language)	2014Best	2014-07-29T11:43:51Z
Python (programming language)	Agent0047	2014-07-27T06:00:25Z
Python (programming language)	216.152.101.243	2014-07-21T15:55:23Z
Python (programming language)	Exercisephys	2014-07-17T21:05:44Z
Python (programming language)	ClueBot NG	2014-07-15T01:09:58Z
Python (programming language)	202.45.119.118	2014-07-15T01:09:52Z
Python (programming language)	Shivajivarma	2014-07-13T17:25:54Z
Python (programming language)	Huihermit	2014-07-10T19:31:09Z
Python (programming language)	Peterl	2014-07-09T10:56:27Z
Python (programming language)	Michael9422	2014-07-08T21:23:05Z
Python (programming language)	Qwertyus	2014-07-07T10:49:07Z
Python (programming language)	GregorB	2014-07-05T17:45:42Z
Python (programming language)	24.1.209.218	2014-07-02T21:37:07Z
Python (programming language)	Andy Dingley	2014-06-27T11:02:56Z
Python (programming language)	Comp.arch	2014-06-27T10:58:26Z
Python (programming language)	TJRC	2014-06-25T17:49:14Z
Python (programming language)	Ndgs2000	2014-06-25T17:35:11Z
Python (programming language)	Ndgs2000	2014-06-25T17:21:43Z
Python (programming language)	Ndgs2000	2014-06-25T17:17:56Z
Python (programming language)	Ndgs2000	2014-06-25T17:16:08Z
Python (programming language)	Ndgs2000	2014-06-25T17:14:33Z
Python (programming language)	ClueBot NG	2014-06-24T13:39:59Z
Python (programming language)	154.42.160.82	2014-06-24T13:39:53Z
Python (programming language)	Racerx11	2014-06-22T23:05:38Z
Python (programming language)	67.11.15.162	2014-06-22T22:51:02Z
Python (programming language)	Loewis	2014-06-22T22:22:19Z
Python (programming language)	Loewis	2014-06-22T21:59:26Z
Python (programming language)	78.173.32.248	2014-06-21T23:44:44Z
Python (programming language)	Gadfium	2014-06-21T09:28:34Z
Python (programming language)	204.84.22.2	2014-06-21T00:08:16Z
Python (programming language)	Satellizer	2014-06-21T00:05:06Z
Python (programming language)	204.84.22.2	2014-06-21T00:04:48Z
Python (programming language)	Peterl	2014-06-19T00:05:29Z
Python (programming language)	Geraldshields11	2014-06-18T19:09:08Z
Python (programming language)	Geraldshields11	2014-06-18T19:08:11Z
Python (programming language)	Geraldshields11	2014-06-18T16:56:28Z
Python (programming language)	Geraldshields11	2014-06-18T16:51:33Z
Python (programming language)	Geraldshields11	2014-06-18T16:50:27Z
Python (programming language)	Geraldshields11	2014-06-18T16:48:35Z
Python (programming language)	Geraldshields11	2014-06-18T16:37:56Z
Python (programming language)	Geraldshields11	2014-06-18T16:22:06Z
Python (programming language)	Geraldshields11	2014-06-18T16:20:28Z
Python (programming language)	Zesterer	2014-06-17T09:05:21Z
Python (programming language)	109.64.100.194	2014-06-12T15:09:49Z
Python (programming language)	Flyer22 Reborn	2014-06-11T17:13:36Z
Python (programming language)	162.40.232.200	2014-06-11T17:03:02Z
Python (programming language)	BG19bot	2014-06-06T20:14:54Z
Python (programming language)	Brk0 0	2014-06-06T01:04:00Z
Python (programming language)	Guy Harris	2014-06-05T19:21:01Z
Python (programming language)	Hexene	2014-06-03T18:35:21Z
Python (programming language)	Ixfd64	2014-06-02T17:10:25Z
Python (programming language)	94.202.205.173	2014-06-02T17:09:15Z
Python (programming language)	Alexandrujuncu	2014-06-02T13:25:06Z
Python (programming language)	Excirial	2014-05-29T15:29:41Z
Python (programming language)	81.156.101.32	2014-05-29T14:58:14Z
Python (programming language)	GhostInTheMachine	2014-05-26T03:41:14Z
Python (programming language)	198.91.166.91	2014-05-25T23:28:03Z
Python (programming language)	Tjohnson2	2014-05-21T19:55:16Z
Python (programming language)	Tjohnson2	2014-05-21T19:52:59Z
Python (programming language)	128.226.188.59	2014-05-15T23:07:30Z
Python (programming language)	77.56.53.183	2014-05-15T02:21:40Z
Python (programming language)	77.56.53.183	2014-05-15T02:19:28Z
Python (programming language)	77.56.53.183	2014-05-15T02:19:05Z
Python (programming language)	Jprg1966	2014-05-14T20:00:47Z
Python (programming language)	Discospinster	2014-05-11T00:36:57Z
Python (programming language)	202.101.72.81	2014-05-11T00:36:27Z
Python (programming language)	Laoris	2014-05-05T18:45:58Z
Python (programming language)	209.12.14.250	2014-05-04T02:21:47Z
Python (programming language)	KevM	2014-05-02T17:24:30Z
Python (programming language)	137.148.127.58	2014-05-02T17:17:10Z
Python (programming language)	Qwertyus	2014-05-02T14:30:52Z
Python (programming language)	72.214.238.233	2014-04-28T19:46:14Z
Python (programming language)	Meshach	2014-04-28T15:27:40Z
Python (programming language)	178.131.196.224	2014-04-28T15:11:02Z
Python (programming language)	178.131.196.224	2014-04-28T15:06:51Z
Python (programming language)	152.157.128.6	2014-04-25T20:35:15Z
Python (programming language)	152.157.128.6	2014-04-25T20:33:58Z
Python (programming language)	ClueBot NG	2014-04-25T20:33:00Z
Python (programming language)	152.157.128.6	2014-04-25T20:32:54Z
Python (programming language)	Ctxppc	2014-04-23T12:31:21Z
Python (programming language)	Bender235	2014-04-18T09:33:32Z
Python (programming language)	Peterl	2014-04-13T08:12:28Z
Python (programming language)	64.134.140.61	2014-04-12T02:57:08Z
Python (programming language)	Widr	2014-04-04T06:34:40Z
Python (programming language)	115.119.100.164	2014-04-04T06:27:57Z
Python (programming language)	115.119.100.164	2014-04-04T06:24:52Z
Python (programming language)	Gadfium	2014-03-29T08:08:52Z
Python (programming language)	Lawiki1534	2014-03-29T05:14:09Z
Python (programming language)	Lawiki1534	2014-03-29T05:12:38Z
Python (programming language)	McSly	2014-03-28T02:09:20Z
Python (programming language)	63.134.182.158	2014-03-28T02:07:16Z
Python (programming language)	ClueBot NG	2014-03-26T11:49:15Z
Python (programming language)	194.81.238.226	2014-03-26T11:49:09Z
Python (programming language)	Peterl	2014-03-25T10:34:31Z
Python (programming language)	2001:6B0:1:1041:388B:7A7C:8D84:DDE7	2014-03-24T15:20:59Z
Python (programming language)	2001:6B0:1:1041:388B:7A7C:8D84:DDE7	2014-03-24T15:18:21Z
Python (programming language)	AmaryllisGardener	2014-03-24T15:07:30Z
Python (programming language)	80.193.73.212	2014-03-24T15:06:55Z
Python (programming language)	Zephyrus Tavvier	2014-03-17T09:02:00Z
Python (programming language)	Peterl	2014-03-15T23:08:15Z
Python (programming language)	145.53.180.22	2014-03-14T17:53:01Z
Python (programming language)	71.212.70.238	2014-03-14T17:30:57Z
Python (programming language)	Andy Dingley	2014-03-14T14:40:58Z
Python (programming language)	184.155.140.107	2014-03-14T14:27:18Z
Python (programming language)	Hydrology	2014-03-10T02:14:48Z
Python (programming language)	Smalljim	2014-02-28T22:13:53Z
Python (programming language)	76.97.197.216	2014-02-28T22:11:46Z
Python (programming language)	Smalljim	2014-02-28T22:10:06Z
Python (programming language)	76.97.197.216	2014-02-28T22:09:42Z
Python (programming language)	Guy Harris	2014-02-28T21:13:51Z
Python (programming language)	Thumperward	2014-02-25T12:12:01Z
Python (programming language)	Snowflake Fairy	2014-02-24T09:50:59Z
Python (programming language)	79.119.123.87	2014-02-23T18:44:39Z
Python (programming language)	79.119.123.87	2014-02-23T18:44:00Z
Python (programming language)	70.198.2.205	2014-02-20T09:44:00Z
Python (programming language)	Lacreighton	2014-02-20T07:39:58Z
Python (programming language)	213.47.115.13	2014-02-18T14:28:32Z
Python (programming language)	SCIdude	2014-02-17T17:32:06Z
Python (programming language)	Meshach	2014-02-17T17:01:15Z
Python (programming language)	59.95.85.43	2014-02-17T16:03:51Z
Python (programming language)	TJRC	2014-02-17T04:27:03Z
Python (programming language)	Gadfium	2014-02-15T22:27:56Z
Python (programming language)	CarnivorousBunny	2014-02-15T16:53:31Z
Python (programming language)	TJRC	2014-02-15T01:00:03Z
Python (programming language)	Galois fu	2014-02-09T18:42:00Z
Python (programming language)	Editorfun	2014-02-09T17:20:43Z
Python (programming language)	50.136.153.33	2014-02-09T00:40:05Z
Python (programming language)	50.136.153.33	2014-02-07T22:47:51Z
Python (programming language)	Gadfium	2014-02-06T22:19:54Z
Python (programming language)	2001:420:282:1003:C4B8:AD1B:1702:488E	2014-02-06T18:46:17Z
Python (programming language)	80.193.214.133	2014-02-06T14:53:32Z
Python (programming language)	Gadfium	2014-02-04T00:56:45Z
Python (programming language)	Mytelecom	2014-02-04T00:03:12Z
Python (programming language)	198.84.141.69	2014-02-02T00:42:02Z
Python (programming language)	195.249.183.252	2014-01-31T16:16:14Z
Python (programming language)	BMan12	2014-01-30T19:57:39Z
Python (programming language)	Monkbot	2014-01-29T00:37:06Z
Python (programming language)	EnTerr	2014-01-28T21:00:58Z
Python (programming language)	Zesterer	2014-01-28T19:19:17Z
Python (programming language)	Gadfium	2014-01-28T05:39:02Z
Python (programming language)	Lotje	2014-01-28T05:13:13Z
Python (programming language)	137.48.170.203	2014-01-28T00:20:26Z
Python (programming language)	137.48.174.193	2014-01-28T00:00:37Z
Python (programming language)	68.13.111.48	2014-01-27T09:33:34Z
Python (programming language)	68.13.111.48	2014-01-27T09:32:23Z
Python (programming language)	Razorx	2014-01-24T22:36:35Z
Python (programming language)	AnomieBOT	2014-01-22T03:57:38Z
Python (programming language)	Robert.Labrie	2014-01-22T01:57:29Z
Python (programming language)	Mkaz	2014-01-21T08:17:04Z
Python (programming language)	Meshach	2014-01-21T00:14:50Z
Python (programming language)	Mkaz	2014-01-20T23:24:12Z
Python (programming language)	Mduvekot	2014-01-17T15:12:37Z
Python (programming language)	39.48.123.149	2014-01-17T14:43:24Z
Python (programming language)	112.171.18.71	2014-01-11T15:16:39Z
Python (programming language)	Meshach	2014-01-09T17:05:53Z
Python (programming language)	Carbo1200	2014-01-09T12:36:28Z
Python (programming language)	86.143.143.138	2014-01-08T11:28:42Z
Python (programming language)	Gadfium	2014-01-04T07:58:43Z
Python (programming language)	118.101.166.115	2014-01-04T05:53:50Z
Python (programming language)	177.205.110.196	2014-01-02T03:38:26Z
Python (programming language)	Peterl	2013-12-29T05:42:53Z
Python (programming language)	Stevenybw	2013-12-28T14:50:02Z
Python (programming language)	Jarble	2013-12-17T20:16:14Z
Python (programming language)	Epicgenius	2013-12-13T15:48:37Z
Python (programming language)	27.97.123.17	2013-12-13T15:33:29Z
Python (programming language)	Jesant13	2013-12-09T05:08:39Z
Python (programming language)	Dewritech	2013-12-04T16:14:34Z
Python (programming language)	209.220.67.52	2013-12-04T16:06:21Z
Python (programming language)	Peterl	2013-12-03T09:35:39Z
Python (programming language)	128.187.97.18	2013-12-02T23:18:57Z
Python (programming language)	88.112.85.54	2013-12-01T13:34:48Z
Python (programming language)	Smalljim	2013-12-01T13:27:47Z
Python (programming language)	124.170.112.55	2013-12-01T13:27:30Z
Python (programming language)	Dingwales44	2013-12-01T13:22:04Z
Python (programming language)	93.37.112.69	2013-12-01T12:06:00Z
Python (programming language)	Smalljim	2013-12-01T12:03:51Z
Python (programming language)	77.68.175.26	2013-12-01T12:03:32Z
Python (programming language)	123.3.185.52	2013-12-01T11:33:26Z
Python (programming language)	70.198.2.160	2013-12-01T00:43:39Z
Python (programming language)	Roponor	2013-11-29T18:52:49Z
Python (programming language)	68.58.253.64	2013-11-29T18:44:32Z
Python (programming language)	Gadfium	2013-11-25T02:58:52Z
Python (programming language)	missing	2013-11-25T01:47:08Z
Python (programming language)	missing	2013-11-25T01:45:41Z
Python (programming language)	Johnuniq	2013-11-25T00:19:49Z
Python (programming language)	178.1.28.130	2013-11-24T22:36:59Z
Python (programming language)	178.1.28.130	2013-11-24T22:36:27Z
Python (programming language)	ClueBot NG	2013-11-22T12:00:45Z
Python (programming language)	82.2.164.118	2013-11-22T12:00:33Z
Python (programming language)	212.64.109.206	2013-11-22T10:55:32Z
Python (programming language)	14.139.218.218	2013-11-22T08:47:42Z
Python (programming language)	Mduvekot	2013-11-20T21:07:42Z
Python (programming language)	Pensrulerstape	2013-11-20T20:13:23Z
Python (programming language)	Gadfium	2013-11-20T08:22:56Z
Python (programming language)	missing	2013-11-20T01:12:07Z
Python (programming language)	112.208.191.177	2013-11-20T00:49:24Z
Python (programming language)	Meshach	2013-11-20T00:36:18Z
Python (programming language)	122.54.236.10	2013-11-20T00:21:14Z
Python (programming language)	112.208.191.177	2013-11-20T00:18:19Z
Python (programming language)	122.54.236.10	2013-11-20T00:12:28Z
Python (programming language)	193.154.10.188	2013-11-19T23:40:37Z
Python (programming language)	137.48.246.1	2013-11-19T17:30:36Z
Python (programming language)	198.190.171.222	2013-11-18T23:38:05Z
Python (programming language)	131.123.42.215	2013-11-18T23:24:12Z
Python (programming language)	Eric Corbett	2013-11-15T15:32:56Z
Python (programming language)	Eric Corbett	2013-11-15T15:31:59Z
Python (programming language)	70.198.2.197	2013-11-13T20:00:09Z
Python (programming language)	Kkddkkdd	2013-11-11T13:42:05Z
Python (programming language)	Gadfium	2013-11-06T07:15:48Z
Python (programming language)	212.57.215.5	2013-11-06T05:54:57Z
Python (programming language)	Astrofrog	2013-11-04T20:25:03Z
Python (programming language)	117.198.39.18	2013-11-03T16:35:56Z
Python (programming language)	117.198.39.18	2013-11-03T16:35:09Z
Python (programming language)	Uncopy	2013-10-30T06:57:26Z
Python (programming language)	Gadfium	2013-10-27T19:57:24Z
Python (programming language)	50.241.143.1	2013-10-27T14:17:16Z
Python (programming language)	Draperp	2013-10-23T20:07:01Z
Python (programming language)	Draperp	2013-10-23T20:06:28Z
Python (programming language)	Draperp	2013-10-23T20:05:24Z
Python (programming language)	Meshach	2013-10-23T18:27:06Z
Python (programming language)	158.59.194.213	2013-10-23T17:05:09Z
Python (programming language)	Pinethicket	2013-10-22T11:11:55Z
Python (programming language)	217.177.92.38	2013-10-22T11:05:54Z
Python (programming language)	217.177.92.38	2013-10-22T11:05:06Z
Python (programming language)	46.65.31.233	2013-10-17T16:35:21Z
Python (programming language)	46.65.31.233	2013-10-17T16:33:25Z
Python (programming language)	ScotXW	2013-10-16T20:27:03Z
Python (programming language)	MrOllie	2013-10-14T17:15:47Z
Python (programming language)	Bailey402	2013-10-14T15:25:14Z
Python (programming language)	188.22.15.179	2013-10-06T21:02:45Z
Python (programming language)	WittyWidi	2013-10-04T14:02:16Z
Python (programming language)	WittyWidi	2013-10-04T14:01:22Z
Python (programming language)	92.77.84.188	2013-09-30T19:00:40Z
Python (programming language)	165.155.212.86	2013-09-30T18:41:19Z
Python (programming language)	Widr	2013-09-30T18:39:58Z
Python (programming language)	165.155.212.86	2013-09-30T18:36:33Z
Python (programming language)	165.155.212.86	2013-09-30T18:34:58Z
Python (programming language)	165.155.212.86	2013-09-30T18:32:12Z
Python (programming language)	165.155.212.86	2013-09-30T18:30:10Z
Python (programming language)	165.155.212.86	2013-09-30T18:19:24Z
Python (programming language)	Peterl	2013-09-23T21:28:22Z
Python (programming language)	69.131.82.158	2013-09-21T04:11:10Z
Python (programming language)	137.48.246.1	2013-09-16T18:31:02Z
Python (programming language)	137.48.246.1	2013-09-16T18:23:00Z
Python (programming language)	137.48.246.1	2013-09-16T18:21:41Z
Python (programming language)	137.48.246.1	2013-09-16T18:17:25Z
Python (programming language)	137.48.246.1	2013-09-16T18:16:02Z
Python (programming language)	Ginsuloft	2013-09-16T14:03:53Z
Python (programming language)	74.113.106.174	2013-09-16T13:59:28Z
Python (programming language)	Tagus	2013-09-15T01:11:16Z
Python (programming language)	ScotXW	2013-09-11T20:16:52Z
Python (programming language)	Gadfium	2013-09-07T06:13:33Z
Python (programming language)	223.181.246.74	2013-09-07T04:44:31Z
Python (programming language)	Andy Dingley	2013-09-04T12:09:19Z
Python (programming language)	193.164.103.66	2013-09-04T11:56:00Z
Python (programming language)	193.164.103.66	2013-09-04T11:55:22Z
Python (programming language)	193.164.103.66	2013-09-04T11:54:55Z
Python (programming language)	193.164.103.66	2013-09-04T11:53:36Z
Python (programming language)	Ricordisamoa	2013-09-04T11:52:17Z
Python (programming language)	193.164.103.66	2013-09-04T11:51:43Z
Python (programming language)	193.164.103.66	2013-09-04T11:46:56Z
Python (programming language)	Peterl	2013-09-01T11:17:38Z
Python (programming language)	Peterl	2013-09-01T09:13:17Z
Python (programming language)	AnomieBOT	2013-08-31T16:46:41Z
Python (programming language)	My name is not dave	2013-08-31T16:26:19Z
Python (programming language)	Peaceray	2013-08-30T23:04:20Z
Python (programming language)	217.91.190.239	2013-08-30T07:50:41Z
Python (programming language)	Peaceray	2013-08-29T20:06:00Z
Python (programming language)	Davipo	2013-08-29T08:39:38Z
Python (programming language)	Msnicki	2013-08-28T23:36:15Z
Python (programming language)	Bgwhite	2013-08-24T08:15:40Z
Python (programming language)	89.91.178.84	2013-08-23T10:29:37Z
Python (programming language)	68.13.111.48	2013-08-22T03:30:40Z
Python (programming language)	JmdPpl	2013-08-20T22:42:31Z
Python (programming language)	Bgwhite	2013-08-19T22:40:28Z
Python (programming language)	Otus	2013-08-17T12:27:28Z
Python (programming language)	217.155.120.113	2013-08-16T14:28:10Z
Python (programming language)	JmdPpl	2013-08-15T23:49:22Z
Python (programming language)	Comp.arch	2013-08-15T14:07:40Z
Python (programming language)	BG19bot	2013-08-15T01:15:32Z
Python (programming language)	JmdPpl	2013-08-14T13:45:58Z
Python (programming language)	AnomieBOT	2013-08-13T23:32:26Z
Python (programming language)	Jarble	2013-08-13T23:12:09Z
Python (programming language)	Jarble	2013-08-13T23:11:23Z
Python (programming language)	Sjheiss	2013-08-11T04:06:28Z
Python (programming language)	Sjheiss	2013-08-11T04:05:43Z
Python (programming language)	JmdPpl	2013-08-09T18:19:25Z
Python (programming language)	Meshach	2013-08-09T16:52:47Z
Python (programming language)	70.171.167.138	2013-08-09T15:21:15Z
Python (programming language)	Peterl	2013-08-07T11:08:32Z
Python (programming language)	Peterl	2013-08-07T11:02:20Z
Python (programming language)	Frze	2013-08-07T07:32:12Z
Python (programming language)	GKTCS	2013-08-07T07:19:26Z
Python (programming language)	Peterl	2013-07-31T12:37:59Z
Python (programming language)	MrOllie	2013-07-31T12:12:59Z
Python (programming language)	Kracekumar	2013-07-31T12:08:30Z
Python (programming language)	Kracekumar	2013-07-31T12:07:36Z
Python (programming language)	Kracekumar	2013-07-31T12:00:47Z
Python (programming language)	PyCode	2013-07-30T21:48:03Z
Python (programming language)	PyCode	2013-07-30T21:42:47Z
Python (programming language)	201.215.187.159	2013-07-30T16:34:06Z
Python (programming language)	Kazkaskazkasako	2013-07-26T17:26:11Z
Python (programming language)	Kazkaskazkasako	2013-07-26T17:25:28Z
Python (programming language)	Kazkaskazkasako	2013-07-26T17:21:37Z
Python (programming language)	Amritchhetrib	2013-07-25T17:28:04Z
Python (programming language)	Gadfium	2013-07-25T08:45:19Z
Python (programming language)	27.251.28.131	2013-07-25T06:07:51Z
Python (programming language)	Gadfium	2013-07-20T23:35:25Z
Python (programming language)	Awaisdev	2013-07-20T17:13:15Z
Python (programming language)	Awaisdev	2013-07-20T17:11:35Z
Python (programming language)	Awaisdev	2013-07-20T16:47:36Z
Python (programming language)	Peterl	2013-07-19T21:04:34Z
Python (programming language)	Peterl	2013-07-19T20:30:51Z
Python (programming language)	91.115.30.5	2013-07-19T19:29:12Z
Python (programming language)	206.191.24.141	2013-07-19T12:54:10Z
Python (programming language)	206.191.24.141	2013-07-19T12:52:20Z
Python (programming language)	Meshach	2013-07-18T21:56:09Z
Python (programming language)	206.191.24.141	2013-07-18T20:34:35Z
Python (programming language)	Meshach	2013-07-18T18:58:18Z
Python (programming language)	206.191.24.141	2013-07-18T17:37:58Z
Python (programming language)	128.178.5.230	2013-07-18T17:06:33Z
Python (programming language)	Compfreak7	2013-07-17T13:14:31Z
Python (programming language)	49.248.18.118	2013-07-16T10:06:18Z
Python (programming language)	49.248.18.118	2013-07-16T10:02:38Z
Python (programming language)	Shirudo	2013-07-16T03:22:11Z
Python (programming language)	12.49.84.145	2013-07-12T23:21:52Z
Python (programming language)	108.214.199.133	2013-06-29T13:13:01Z
Python (programming language)	Jonesey95	2013-06-28T23:53:54Z
Python (programming language)	193.83.30.97	2013-06-25T10:33:08Z
Python (programming language)	Edwardwh	2013-06-25T09:04:01Z
Python (programming language)	Edwardwh	2013-06-25T09:00:02Z
Python (programming language)	Edwardwh	2013-06-25T08:56:10Z
Python (programming language)	Widr	2013-06-23T10:42:52Z
Python (programming language)	86.27.85.221	2013-06-23T10:38:11Z
Python (programming language)	Marko Knoebl	2013-06-21T15:49:12Z
Python (programming language)	190.162.52.196	2013-06-21T14:58:58Z
Python (programming language)	Marko Knoebl	2013-06-21T10:54:36Z
Python (programming language)	Marko Knoebl	2013-06-21T10:47:43Z
Python (programming language)	190.162.52.196	2013-06-21T08:24:34Z
Python (programming language)	Wikiskimmer	2013-06-17T14:19:38Z
Python (programming language)	Gronky	2013-06-14T20:18:15Z
Python (programming language)	Peterl	2013-06-13T00:39:45Z
Python (programming language)	Magioladitis	2013-06-12T22:44:45Z
Python (programming language)	Marko Knoebl	2013-06-10T18:06:45Z
Python (programming language)	98.248.237.50	2013-06-09T21:05:53Z
Python (programming language)	98.248.237.50	2013-06-09T20:49:47Z
Python (programming language)	98.248.237.50	2013-06-09T20:47:43Z
Python (programming language)	98.248.237.50	2013-06-09T20:45:12Z
Python (programming language)	98.248.237.50	2013-06-09T20:38:12Z
Python (programming language)	98.248.237.50	2013-06-09T20:36:47Z
Python (programming language)	Edward	2013-06-07T10:29:57Z
Python (programming language)	Gilliam	2013-06-02T10:23:12Z
Python (programming language)	220.225.72.3	2013-06-02T10:18:45Z
Python (programming language)	Gadfium	2013-05-27T23:35:30Z
Python (programming language)	31.9.41.167	2013-05-27T17:23:45Z
Python (programming language)	128.131.197.64	2013-05-22T16:26:15Z
Python (programming language)	123.237.135.120	2013-05-22T12:43:45Z
Python (programming language)	TechFilmer	2013-05-21T14:02:22Z
Python (programming language)	72.196.11.206	2013-05-17T20:00:39Z
Python (programming language)	Gadfium	2013-05-16T06:51:44Z
Python (programming language)	Satheesan.varier	2013-05-16T05:08:39Z
Python (programming language)	Satheesan.varier	2013-05-16T05:07:24Z
Python (programming language)	Satheesan.varier	2013-05-16T05:04:27Z
Python (programming language)	95.97.216.139	2013-05-12T19:43:04Z
Python (programming language)	Dom96	2013-05-11T21:54:23Z
Python (programming language)	Transcendence	2013-05-10T19:52:01Z
Python (programming language)	24.73.187.202	2013-05-10T19:35:22Z
Python (programming language)	0x6adb015	2013-05-08T20:32:00Z
Python (programming language)	Jdaudier	2013-05-08T19:41:10Z
Python (programming language)	ClueBot NG	2013-05-08T18:16:58Z
Python (programming language)	205.202.240.232	2013-05-08T18:16:50Z
Python (programming language)	205.202.240.232	2013-05-08T18:13:55Z
Python (programming language)	OPi	2013-05-08T16:20:26Z
Python (programming language)	205.202.240.232	2013-05-08T16:16:07Z
Python (programming language)	193.83.30.180	2013-05-05T17:07:15Z
Python (programming language)	Rashid alen	2013-05-05T14:56:46Z
Python (programming language)	91.113.9.168	2013-04-29T20:28:29Z
Python (programming language)	Helohe	2013-04-29T15:03:52Z
Python (programming language)	BwDraco	2013-04-28T21:51:45Z
Python (programming language)	BwDraco	2013-04-28T21:48:47Z
Python (programming language)	Panpog1	2013-04-28T21:21:57Z
Python (programming language)	Pratyya Ghosh	2013-04-28T08:03:44Z
Python (programming language)	115.132.4.114	2013-04-28T08:01:12Z
Python (programming language)	Gadfium	2013-04-27T01:58:07Z
Python (programming language)	67.243.132.78	2013-04-26T23:39:55Z
Python (programming language)	113.162.149.33	2013-04-25T08:22:06Z
Python (programming language)	I dream of horses	2013-04-18T00:55:14Z
Python (programming language)	131.170.5.1	2013-04-18T00:54:51Z
Python (programming language)	89.144.206.77	2013-04-15T19:37:34Z
Python (programming language)	46.233.70.199	2013-04-14T13:10:29Z
Python (programming language)	Gadfium	2013-04-11T22:59:01Z
Python (programming language)	Gadfium	2013-04-11T05:07:06Z
Python (programming language)	67.61.184.30	2013-04-11T02:10:42Z
Python (programming language)	Stephenb	2013-04-09T06:39:09Z
Python (programming language)	203.58.21.86	2013-04-09T06:38:46Z
Python (programming language)	203.58.21.86	2013-04-09T06:38:28Z
Python (programming language)	Stephenb	2013-04-09T06:35:04Z
Python (programming language)	203.58.21.86	2013-04-09T06:34:06Z
Python (programming language)	203.58.21.86	2013-04-09T06:30:36Z
Python (programming language)	204.58.244.4	2013-04-09T00:59:38Z
Python (programming language)	Echinacin35	2013-04-07T20:13:26Z
Python (programming language)	Frap	2013-04-06T23:33:41Z
Python (programming language)	Aldaron	2013-04-06T12:34:56Z
Python (programming language)	89.144.206.25	2013-04-05T13:15:40Z
Python (programming language)	Aldaron	2013-04-05T12:05:23Z
Python (programming language)	Aldaron	2013-04-05T12:03:56Z
Python (programming language)	122.160.70.71	2013-04-05T11:25:16Z
Python (programming language)	HueSatLum	2013-04-05T00:23:20Z
Python (programming language)	Favonian	2013-04-04T21:38:13Z
Python (programming language)	75.167.19.146	2013-04-04T21:34:59Z
Python (programming language)	Qwertyus	2013-04-03T13:48:58Z
Python (programming language)	89.144.206.55	2013-04-02T23:46:00Z
Python (programming language)	89.144.206.55	2013-04-02T23:17:16Z
Python (programming language)	BenFrantzDale	2013-03-29T17:21:55Z
Python (programming language)	BenFrantzDale	2013-03-29T17:10:46Z
Python (programming language)	ToxicDragon	2013-03-27T12:04:07Z
Python (programming language)	12.97.199.130	2013-03-27T12:02:59Z
Python (programming language)	MelbourneStar	2013-03-27T12:01:46Z
Python (programming language)	12.97.199.130	2013-03-27T12:01:10Z
Python (programming language)	ClueBot NG	2013-03-27T11:59:34Z
Python (programming language)	12.97.199.130	2013-03-27T11:59:18Z
Python (programming language)	12.97.199.130	2013-03-27T11:57:06Z
Python (programming language)	Gadfium	2013-03-26T21:09:16Z
Python (programming language)	Jdaudier	2013-03-26T20:34:46Z
Python (programming language)	89.144.206.218	2013-03-22T21:08:45Z
Python (programming language)	0x6adb015	2013-03-22T18:38:02Z
Python (programming language)	65.94.138.40	2013-03-22T14:38:13Z
Python (programming language)	Andkore	2013-03-20T06:37:11Z
Python (programming language)	Megakacktus	2013-03-19T20:01:50Z
Python (programming language)	87.194.151.103	2013-03-19T19:25:35Z
Python (programming language)	Materialscientist	2013-03-18T23:54:31Z
Python (programming language)	Whiskerzman	2013-03-18T23:51:53Z
Python (programming language)	Yobot	2013-03-16T11:56:07Z
Python (programming language)	Marko Knoebl	2013-03-14T20:10:37Z
Python (programming language)	87.194.247.245	2013-03-14T08:26:47Z
Python (programming language)	91.113.13.106	2013-03-11T16:40:21Z
Python (programming language)	89.96.192.242	2013-03-11T15:58:31Z
Python (programming language)	Thumperward	2013-03-07T16:13:42Z
Python (programming language)	Thumperward	2013-03-07T16:12:13Z
Python (programming language)	Thumperward	2013-03-07T16:09:59Z
Python (programming language)	Thumperward	2013-03-07T16:07:55Z
Python (programming language)	Yobot	2013-03-07T12:26:20Z
Python (programming language)	Sesank23	2013-03-06T12:37:39Z
Python (programming language)	Sesank23	2013-03-06T12:35:31Z
Python (programming language)	59.97.9.168	2013-03-06T12:31:27Z
Python (programming language)	ClueBot NG	2013-03-06T12:25:14Z
Python (programming language)	59.97.9.168	2013-03-06T12:25:02Z
Python (programming language)	59.97.9.168	2013-03-06T12:04:19Z
Python (programming language)	59.97.9.168	2013-03-06T12:01:22Z
Python (programming language)	Carbo1200	2013-03-05T23:02:03Z
Python (programming language)	67.184.2.18	2013-03-05T22:45:32Z
Python (programming language)	67.184.2.18	2013-03-05T03:09:55Z
Python (programming language)	67.184.2.18	2013-03-05T03:08:29Z
Python (programming language)	89.144.206.191	2013-03-04T17:29:40Z
Python (programming language)	89.144.206.191	2013-03-04T17:13:22Z
Python (programming language)	89.144.206.191	2013-03-04T17:09:48Z
Python (programming language)	89.144.206.191	2013-03-04T16:52:46Z
Python (programming language)	89.144.206.191	2013-03-04T16:36:27Z
Python (programming language)	Thumperward	2013-03-02T13:37:47Z
Python (programming language)	Thumperward	2013-03-02T13:34:15Z
Python (programming language)	Thumperward	2013-03-02T13:32:57Z
Python (programming language)	89.144.206.42	2013-03-02T10:06:15Z
Python (programming language)	89.144.206.42	2013-03-02T09:37:44Z
Python (programming language)	TJRC	2013-03-02T01:10:30Z
Python (programming language)	Shishirdasika	2013-03-01T16:44:23Z
Python (programming language)	Thumperward	2013-03-01T16:16:41Z
Python (programming language)	AnomieBOT	2013-03-01T15:21:52Z
Python (programming language)	Thumperward	2013-03-01T15:01:16Z
Python (programming language)	Thumperward	2013-03-01T14:50:47Z
Python (programming language)	Thumperward	2013-03-01T14:49:40Z
Python (programming language)	Thumperward	2013-03-01T14:36:01Z
Python (programming language)	Thumperward	2013-03-01T14:34:21Z
Python (programming language)	Thumperward	2013-03-01T14:29:53Z
Python (programming language)	Thumperward	2013-03-01T14:28:54Z
Python (programming language)	Thumperward	2013-03-01T14:28:17Z
Python (programming language)	Thumperward	2013-03-01T14:25:44Z
Python (programming language)	AnomieBOT	2013-03-01T13:00:02Z
Python (programming language)	Thumperward	2013-03-01T12:39:00Z
Python (programming language)	Thumperward	2013-03-01T12:32:22Z
Python (programming language)	Thumperward	2013-03-01T12:30:31Z
Python (programming language)	Thumperward	2013-03-01T12:29:54Z
Python (programming language)	Thumperward	2013-03-01T12:25:30Z
Python (programming language)	Thumperward	2013-03-01T12:23:42Z
Python (programming language)	Thumperward	2013-03-01T12:22:03Z
Python (programming language)	Thumperward	2013-03-01T12:19:12Z
Python (programming language)	Thumperward	2013-03-01T12:18:15Z
Python (programming language)	Thumperward	2013-03-01T12:16:41Z
Python (programming language)	Thumperward	2013-03-01T12:03:07Z
Python (programming language)	Thumperward	2013-03-01T11:58:48Z
Python (programming language)	Skizzik	2013-02-25T11:36:17Z
Python (programming language)	110.234.154.26	2013-02-25T11:35:44Z
Python (programming language)	Legobot	2013-02-25T08:30:29Z
Python (programming language)	Beland	2013-02-22T22:26:50Z
Python (programming language)	Beland	2013-02-22T22:25:29Z
Python (programming language)	Beland	2013-02-22T22:24:48Z
Python (programming language)	Beland	2013-02-22T22:22:10Z
Python (programming language)	Beland	2013-02-22T21:57:38Z
Python (programming language)	Beland	2013-02-22T21:56:18Z
Python (programming language)	Beland	2013-02-22T21:49:10Z
Python (programming language)	160.109.104.44	2013-02-22T16:16:53Z
Python (programming language)	41.59.27.237	2013-02-20T15:50:46Z
Python (programming language)	Qwertyus	2013-02-20T13:07:12Z
Python (programming language)	Addbot	2013-02-20T06:14:08Z
Python (programming language)	Beland	2013-02-20T02:31:57Z
Python (programming language)	Beland	2013-02-20T02:29:52Z
Python (programming language)	Widr	2013-02-19T17:38:04Z
Python (programming language)	74.113.135.234	2013-02-19T17:37:39Z
Python (programming language)	125.237.129.75	2013-02-17T04:24:46Z
Python (programming language)	81.131.4.168	2013-02-16T21:48:18Z
Python (programming language)	Kwacka	2013-02-15T21:08:30Z
Python (programming language)	Truthanado	2013-02-11T10:16:12Z
Python (programming language)	116.87.91.22	2013-02-09T07:26:59Z
Python (programming language)	Xqbot	2013-02-08T18:00:24Z
Python (programming language)	Carbo1200	2013-02-08T08:49:03Z
Python (programming language)	Khazar2	2013-02-03T21:40:46Z
Python (programming language)	Gadfium	2013-02-01T21:21:06Z
Python (programming language)	Crh23	2013-02-01T12:20:57Z
Python (programming language)	89.144.206.109	2013-02-01T08:25:01Z
Python (programming language)	157.201.95.254	2013-02-01T00:19:04Z
Python (programming language)	Snotbot	2013-01-30T22:55:00Z
Python (programming language)	91.113.13.93	2013-01-30T22:47:19Z
Python (programming language)	Peterl	2013-01-30T09:54:51Z
Python (programming language)	Carbo1200	2013-01-28T21:23:50Z
Python (programming language)	Xqbot	2013-01-28T10:50:24Z
Python (programming language)	Carbo1200	2013-01-28T10:26:22Z
Python (programming language)	Gadfium	2013-01-22T19:27:47Z
Python (programming language)	64.134.175.40	2013-01-22T17:12:22Z
Python (programming language)	64.134.175.40	2013-01-22T17:08:34Z
Python (programming language)	64.134.175.40	2013-01-22T17:06:51Z
Python (programming language)	Amizra	2013-01-16T01:42:06Z
Python (programming language)	Vadmium	2013-01-13T10:26:44Z
Python (programming language)	195.229.241.176	2013-01-13T09:33:58Z
Python (programming language)	ClueBot NG	2013-01-11T20:43:51Z
Python (programming language)	174.79.215.98	2013-01-11T20:43:37Z
Python (programming language)	108.209.221.151	2013-01-11T06:17:15Z
Python (programming language)	Dave.Dunford	2013-01-09T13:10:31Z
Python (programming language)	178.84.161.31	2013-01-09T04:17:51Z
Python (programming language)	89.144.206.87	2013-01-09T00:59:21Z
Python (programming language)	79.168.252.217	2013-01-08T23:39:50Z
Python (programming language)	Peterl	2013-01-07T22:10:11Z
Python (programming language)	John of Reading	2013-01-07T17:03:23Z
Python (programming language)	71.237.89.228	2013-01-07T16:05:39Z
Python (programming language)	24.7.81.253	2013-01-07T08:17:20Z
Python (programming language)	Peterl	2013-01-07T03:13:25Z
Python (programming language)	71.237.89.228	2013-01-07T02:45:57Z
Python (programming language)	95.80.52.203	2013-01-06T14:01:18Z
Python (programming language)	95.80.52.203	2013-01-06T13:55:30Z
Python (programming language)	95.80.52.203	2013-01-06T13:54:33Z
Python (programming language)	missing	2013-01-05T19:57:22Z
Python (programming language)	87.154.172.44	2013-01-05T19:56:32Z
Python (programming language)	Carbo1200	2013-01-01T21:06:52Z
Python (programming language)	89.144.206.195	2013-01-01T18:29:07Z
Python (programming language)	64.231.176.228	2012-12-31T04:09:13Z
Python (programming language)	Marko Knoebl	2012-12-28T17:34:28Z
Python (programming language)	Gadfium	2012-12-27T07:46:13Z
Python (programming language)	180.215.62.181	2012-12-27T07:16:33Z
Python (programming language)	Feezo	2012-12-26T06:22:27Z
Python (programming language)	180.215.51.41	2012-12-26T05:27:59Z
Python (programming language)	Ruud Koot	2012-12-23T12:10:53Z
Python (programming language)	Peterl	2012-12-23T09:33:58Z
Python (programming language)	Materialscientist	2012-12-22T23:28:35Z
Python (programming language)	RosaMcVey	2012-12-22T22:38:14Z
Python (programming language)	RosaMcVey	2012-12-22T21:07:38Z
Python (programming language)	RosaMcVey	2012-12-22T21:04:54Z
Python (programming language)	Liberulo	2012-12-21T20:52:59Z
Python (programming language)	Pinstripepolo	2012-12-21T00:01:38Z
Python (programming language)	RosaMcVey	2012-12-20T02:28:49Z
Python (programming language)	Peterl	2012-12-19T19:43:57Z
Python (programming language)	Marko Knoebl	2012-12-19T14:57:49Z
Python (programming language)	Carbo1200	2012-12-19T06:40:47Z
Python (programming language)	Gadfium	2012-12-19T03:15:56Z
Python (programming language)	QuentinUK	2012-12-19T02:33:55Z
Python (programming language)	Gadfium	2012-12-17T23:47:53Z
Python (programming language)	Hugo 87	2012-12-17T22:55:41Z
Python (programming language)	Peterl	2012-12-17T22:22:24Z
Python (programming language)	Hugo 87	2012-12-17T17:26:43Z
Python (programming language)	89.144.206.108	2012-12-17T14:45:21Z
Python (programming language)	Gadfium	2012-12-15T21:51:44Z
Python (programming language)	Edward	2012-12-15T18:24:43Z
Python (programming language)	Gadfium	2012-12-13T06:23:11Z
Python (programming language)	Carbo1200	2012-12-13T05:54:37Z
Python (programming language)	Webclient101	2012-12-13T00:24:44Z
Python (programming language)	173.34.99.205	2012-12-13T00:13:20Z
Python (programming language)	Marko Knoebl	2012-12-10T23:39:02Z
Python (programming language)	Carbo1200	2012-12-10T09:46:58Z
Python (programming language)	Carbo1200	2012-12-09T08:40:19Z
Python (programming language)	Carbo1200	2012-12-08T20:29:21Z
Python (programming language)	Natharnio Armarnio	2012-12-07T21:47:08Z
Python (programming language)	Carbo1200	2012-12-07T21:36:27Z
Python (programming language)	MrOllie	2012-12-06T17:19:29Z
Python (programming language)	MrOllie	2012-12-06T17:18:34Z
Python (programming language)	Vadmium	2012-12-06T02:22:09Z
Python (programming language)	Vadmium	2012-12-05T23:59:45Z
Python (programming language)	Carbo1200	2012-12-04T07:32:49Z
Python (programming language)	Carbo1200	2012-12-03T20:44:49Z
Python (programming language)	Carbo1200	2012-12-03T20:09:14Z
Python (programming language)	Carbo1200	2012-12-03T19:53:05Z
Python (programming language)	Yobot	2012-12-03T17:11:41Z
Python (programming language)	Tpbradbury	2012-12-03T15:18:55Z
Python (programming language)	Tpbradbury	2012-12-03T15:12:40Z
Python (programming language)	Carbo1200	2012-12-03T12:35:23Z
Python (programming language)	Carbo1200	2012-12-03T12:33:22Z
Python (programming language)	Carbo1200	2012-12-03T07:41:40Z
Python (programming language)	Vadmium	2012-12-03T01:44:33Z
Python (programming language)	Vadmium	2012-12-03T01:30:12Z
Python (programming language)	Vadmium	2012-12-03T01:05:43Z
Python (programming language)	Vadmium	2012-12-03T00:57:37Z
Python (programming language)	Vadmium	2012-12-03T00:47:47Z
Python (programming language)	Carbo1200	2012-12-02T21:40:39Z
Python (programming language)	Carbo1200	2012-12-02T21:26:08Z
Python (programming language)	Carbo1200	2012-12-02T18:44:14Z
Python (programming language)	Carbo1200	2012-12-02T18:34:40Z
Python (programming language)	Carbo1200	2012-12-02T17:26:32Z
Python (programming language)	Carbo1200	2012-12-02T17:25:14Z
Python (programming language)	Carbo1200	2012-12-02T16:47:42Z
Python (programming language)	Carbo1200	2012-12-02T16:37:58Z
Python (programming language)	Carbo1200	2012-12-02T16:35:04Z
Python (programming language)	Carbo1200	2012-12-02T16:28:47Z
Python (programming language)	Vadmium	2012-12-02T09:52:54Z
Python (programming language)	Nsda	2012-12-02T08:36:08Z
Python (programming language)	Carbo1200	2012-12-01T17:21:29Z
Python (programming language)	Carbo1200	2012-12-01T09:32:21Z
Python (programming language)	84.153.15.58	2012-12-01T06:37:57Z
Python (programming language)	PavelSolin	2012-12-01T03:51:36Z
Python (programming language)	PavelSolin	2012-12-01T03:49:26Z
Python (programming language)	AnomieBOT	2012-12-01T00:05:51Z
Python (programming language)	Nsda	2012-11-30T21:52:45Z
Python (programming language)	AnomieBOT	2012-11-30T21:37:16Z
Python (programming language)	Nsda	2012-11-30T21:16:35Z
Python (programming language)	Nsda	2012-11-30T21:00:35Z
Python (programming language)	Nsda	2012-11-30T20:58:31Z
Python (programming language)	Nsda	2012-11-30T20:47:53Z
Python (programming language)	Nsda	2012-11-30T20:47:02Z
Python (programming language)	Nsda	2012-11-30T20:41:12Z
Python (programming language)	Nsda	2012-11-30T20:32:52Z
Python (programming language)	Nsda	2012-11-30T20:29:50Z
Python (programming language)	Nsda	2012-11-30T20:26:35Z
Python (programming language)	Nsda	2012-11-30T20:21:49Z
Python (programming language)	Nsda	2012-11-30T20:19:56Z
Python (programming language)	Nsda	2012-11-30T20:10:35Z
Python (programming language)	Nsda	2012-11-30T20:06:25Z
Python (programming language)	Nsda	2012-11-30T20:00:13Z
Python (programming language)	Nsda	2012-11-30T19:56:37Z
Python (programming language)	Nsda	2012-11-30T19:56:12Z
Python (programming language)	Joachim Wuttke	2012-11-30T19:50:25Z
Python (programming language)	69.2.114.145	2012-11-27T21:58:47Z
Python (programming language)	Carbo1200	2012-11-27T07:14:10Z
Python (programming language)	Marko Knoebl	2012-11-27T01:23:12Z
Python (programming language)	Carbo1200	2012-11-26T21:52:28Z
Python (programming language)	Carbo1200	2012-11-26T21:03:36Z
Python (programming language)	Carbo1200	2012-11-26T20:48:40Z
Python (programming language)	JuvenisUrsus	2012-11-26T13:27:09Z
Python (programming language)	Peterl	2012-11-21T03:08:46Z
Python (programming language)	Michael9422	2012-11-21T03:07:06Z
Python (programming language)	Marko Knoebl	2012-11-13T19:21:50Z
Python (programming language)	Robbiemorrison	2012-11-13T17:09:21Z
Python (programming language)	ZéroBot	2012-11-12T05:21:33Z
Python (programming language)	Peterl	2012-11-07T21:59:28Z
Python (programming language)	Peterl	2012-11-07T21:49:04Z
Python (programming language)	Pingveno	2012-11-07T20:18:34Z
Python (programming language)	85.238.98.189	2012-11-07T07:26:18Z
Python (programming language)	Peterl	2012-11-06T09:20:35Z
Python (programming language)	108.28.17.53	2012-11-06T01:01:46Z
Python (programming language)	Joel amos	2012-11-03T19:14:27Z
Python (programming language)	Gadfium	2012-11-01T21:11:36Z
Python (programming language)	Legoktm	2012-11-01T17:46:44Z
Python (programming language)	155.245.20.1	2012-11-01T17:33:07Z
Python (programming language)	1exec1	2012-10-24T16:59:40Z
Python (programming language)	EmausBot	2012-10-20T12:21:16Z
Python (programming language)	Gadfium	2012-10-18T23:46:42Z
Python (programming language)	Mark Arsten	2012-10-18T23:05:04Z
Python (programming language)	AnomieBOT	2012-10-18T20:38:26Z
Python (programming language)	Peterl	2012-10-18T20:18:04Z
Python (programming language)	Davidjensen	2012-10-18T19:08:49Z
Python (programming language)	Peterl	2012-10-16T03:28:30Z
Python (programming language)	Marko Knoebl	2012-10-16T01:52:37Z
Python (programming language)	216.113.168.128	2012-10-15T20:54:35Z
Python (programming language)	Peterl	2012-10-11T21:13:33Z
Python (programming language)	Gadfium	2012-10-10T19:54:35Z
Python (programming language)	178.6.206.10	2012-10-10T17:27:42Z
Python (programming language)	Cgt	2012-10-09T22:02:07Z
Python (programming language)	142.31.54.6	2012-10-09T21:20:52Z
Python (programming language)	Peterl	2012-10-09T08:57:59Z
Python (programming language)	Peterl	2012-10-09T08:53:23Z
Python (programming language)	24.180.43.56	2012-10-09T08:21:41Z
Python (programming language)	Gadfium	2012-10-06T03:25:12Z
Python (programming language)	Prooktastic	2012-10-06T03:20:27Z
Python (programming language)	67.117.130.72	2012-09-30T08:15:14Z
Python (programming language)	188.23.201.202	2012-09-29T14:50:29Z
Python (programming language)	Cgt	2012-09-29T14:17:55Z
Python (programming language)	Nczempin	2012-09-28T20:57:42Z
Python (programming language)	L.Willms	2012-09-28T20:33:11Z
Python (programming language)	130.246.132.177	2012-09-27T10:32:32Z
Python (programming language)	Webclient101	2012-09-25T23:46:45Z
Python (programming language)	75.148.50.1	2012-09-25T23:45:58Z
Python (programming language)	missing	2012-09-24T23:53:20Z
Python (programming language)	JackieBot	2012-09-24T23:17:05Z
Python (programming language)	80.123.49.36	2012-09-23T21:50:27Z
Python (programming language)	Peterl	2012-09-23T21:10:39Z
Python (programming language)	98.116.149.119	2012-09-23T16:26:45Z
Python (programming language)	98.116.149.119	2012-09-23T16:21:43Z
Python (programming language)	RussBot	2012-09-21T14:12:57Z
Python (programming language)	L.Willms	2012-09-20T21:50:46Z
Python (programming language)	Marko Knoebl	2012-09-20T14:31:51Z
Python (programming language)	Watchduck	2012-09-20T09:53:19Z
Python (programming language)	71.46.74.225	2012-09-20T04:37:47Z
Python (programming language)	130.113.125.243	2012-09-18T21:31:10Z
Python (programming language)	Andy Dingley	2012-09-18T15:12:43Z
Python (programming language)	168.11.144.254	2012-09-18T15:11:08Z
Python (programming language)	ClueBot NG	2012-09-17T20:50:41Z
Python (programming language)	72.26.44.71	2012-09-17T20:50:27Z
Python (programming language)	Peterl	2012-09-15T00:14:29Z
Python (programming language)	Peterl	2012-09-14T23:59:40Z
Python (programming language)	Hibou57	2012-09-14T13:18:43Z
Python (programming language)	188.23.239.76	2012-09-10T20:28:05Z
Python (programming language)	188.23.239.76	2012-09-10T20:19:33Z
Python (programming language)	193.83.8.46	2012-09-10T18:17:18Z
Python (programming language)	193.83.8.46	2012-09-10T18:14:54Z
Python (programming language)	Gadfium	2012-09-09T23:47:26Z
Python (programming language)	Hoo man	2012-09-09T20:21:07Z
Python (programming language)	72.204.127.72	2012-09-09T20:14:27Z
Python (programming language)	Webclient101	2012-09-09T19:18:08Z
Python (programming language)	Webclient101	2012-09-09T19:15:58Z
Python (programming language)	98.116.149.119	2012-09-09T19:14:15Z
Python (programming language)	Webclient101	2012-09-09T17:44:20Z
Python (programming language)	98.116.149.119	2012-09-09T17:41:28Z
Python (programming language)	Gadfium	2012-09-09T02:12:25Z
Python (programming language)	96.232.204.7	2012-09-09T01:43:19Z
Python (programming language)	Hibou57	2012-09-07T22:43:39Z
Python (programming language)	Phoe6	2012-09-02T06:19:36Z
Python (programming language)	missing	2012-09-02T05:50:05Z
Python (programming language)	71.197.147.168	2012-09-02T05:32:23Z
Python (programming language)	Phoe6	2012-09-02T05:19:17Z
Python (programming language)	Andy Dingley	2012-08-29T13:15:48Z
Python (programming language)	180.215.34.9	2012-08-29T13:11:17Z
Python (programming language)	Associat0r	2012-08-27T00:11:21Z
Python (programming language)	Gadfium	2012-08-26T00:02:37Z
Python (programming language)	Peterl	2012-08-22T06:16:19Z
Python (programming language)	Hydrargyrum	2012-08-21T15:38:46Z
Python (programming language)	31.18.132.51	2012-08-18T16:00:56Z
Python (programming language)	Uzume	2012-08-14T23:10:25Z
Python (programming language)	Sunnyok	2012-08-12T23:03:08Z
Python (programming language)	M4r51n	2012-08-11T20:59:15Z
Python (programming language)	213.115.0.116	2012-08-09T09:50:46Z
Python (programming language)	Sun Creator	2012-08-08T22:06:52Z
Python (programming language)	91.114.187.207	2012-08-08T20:44:29Z
Python (programming language)	91.114.187.207	2012-08-08T20:42:31Z
Python (programming language)	Sun Creator	2012-08-08T19:25:42Z
Python (programming language)	The.rahul.nair	2012-08-07T22:50:34Z
Python (programming language)	missing	2012-08-05T07:32:02Z
Python (programming language)	Andy Dingley	2012-08-04T21:33:22Z
Python (programming language)	66.78.141.82	2012-08-04T18:56:44Z
Python (programming language)	66.78.141.82	2012-08-04T18:54:06Z
Python (programming language)	117.211.116.99	2012-08-04T16:23:23Z
Python (programming language)	117.211.116.99	2012-08-04T16:20:33Z
Python (programming language)	117.211.116.99	2012-08-04T16:17:04Z
Python (programming language)	Gadfium	2012-08-04T04:28:49Z
Python (programming language)	79.182.148.167	2012-08-03T19:08:40Z
Python (programming language)	AnomieBOT	2012-08-02T21:28:15Z
Python (programming language)	2601:B:B000:23:B8FA:44D8:EBF:138A	2012-08-02T20:53:53Z
Python (programming language)	Junh1024	2012-08-02T01:03:33Z
Python (programming language)	Netha Hussain	2012-08-01T17:22:31Z
Python (programming language)	Akesi	2012-08-01T06:33:53Z
Python (programming language)	Akesi	2012-08-01T06:30:38Z
Python (programming language)	Gadfium	2012-07-31T09:06:37Z
Python (programming language)	196.1.105.91	2012-07-31T08:53:27Z
Python (programming language)	Webclient101	2012-07-31T02:02:02Z
Python (programming language)	76.172.53.124	2012-07-31T02:01:01Z
Python (programming language)	IronGargoyle	2012-07-31T02:00:26Z
Python (programming language)	76.172.53.124	2012-07-31T01:59:51Z
Python (programming language)	2A01:E35:2EC6:B460:59EF:D09E:3514:FA9D	2012-07-26T00:15:24Z
Python (programming language)	2A01:E35:2EC6:B460:59EF:D09E:3514:FA9D	2012-07-26T00:07:48Z
Python (programming language)	Andy Dingley	2012-07-25T21:55:39Z
Python (programming language)	92.112.141.52	2012-07-25T21:54:07Z
Python (programming language)	92.112.141.52	2012-07-25T21:48:24Z
Python (programming language)	212.226.42.197	2012-07-22T12:45:21Z
Python (programming language)	Carbo1200	2012-07-18T06:18:03Z
Python (programming language)	Trusilver	2012-07-18T05:38:03Z
Python (programming language)	173.74.79.36	2012-07-18T05:37:27Z
Python (programming language)	91.115.30.196	2012-07-16T11:12:38Z
Python (programming language)	Ergative rlt	2012-07-14T17:00:49Z
Python (programming language)	Paddy3118	2012-07-12T16:57:05Z
Python (programming language)	97.78.99.130	2012-07-12T14:32:31Z
Python (programming language)	Books++	2012-07-11T07:21:19Z
Python (programming language)	99.90.197.87	2012-07-10T01:41:30Z
Python (programming language)	99.90.197.87	2012-07-10T01:34:24Z
Python (programming language)	Mindmatrix	2012-07-05T14:34:00Z
Python (programming language)	Carbo1200	2012-07-05T05:01:45Z
Python (programming language)	Wickorama	2012-07-04T22:29:55Z
Python (programming language)	Mindmatrix	2012-07-04T21:08:47Z
Python (programming language)	Wickorama	2012-07-04T17:04:48Z
Python (programming language)	C.Koltzenburg	2012-06-28T16:22:37Z
Python (programming language)	C.Koltzenburg	2012-06-28T16:19:14Z
Python (programming language)	Sunnyok	2012-06-28T14:18:27Z
Python (programming language)	Paddy3118	2012-06-20T05:30:58Z
Python (programming language)	DominicEdwardMolish	2012-06-20T02:37:54Z
Python (programming language)	Nukareddy	2012-06-18T10:52:10Z
Python (programming language)	FrescoBot	2012-06-15T18:35:37Z
Python (programming language)	Gadfium	2012-06-15T08:31:16Z
Python (programming language)	79.159.24.106	2012-06-15T07:22:37Z
Python (programming language)	Cybercobra	2012-06-12T19:07:40Z
Python (programming language)	Cybercobra	2012-06-12T19:05:08Z
Python (programming language)	Marko Knoebl	2012-06-11T14:13:48Z
Python (programming language)	Paddy3118	2012-06-08T18:49:13Z
Python (programming language)	Derek farn	2012-06-08T13:27:39Z
Python (programming language)	Cybercobra	2012-06-07T19:20:14Z
Python (programming language)	Derek farn	2012-06-06T11:05:36Z
Python (programming language)	Gadfium	2012-06-01T04:18:59Z
Python (programming language)	Peterl	2012-05-31T23:29:50Z
Python (programming language)	78.104.157.19	2012-05-31T15:00:38Z
Python (programming language)	Derek farn	2012-05-30T10:53:31Z
Python (programming language)	Peterl	2012-05-30T10:20:15Z
Python (programming language)	Peterl	2012-05-30T10:17:46Z
Python (programming language)	Peterl	2012-05-30T10:14:31Z
Python (programming language)	81.218.90.234	2012-05-30T10:06:48Z
Python (programming language)	Derek farn	2012-05-30T02:13:38Z
Python (programming language)	Cybercobra	2012-05-29T18:48:07Z
Python (programming language)	Derek farn	2012-05-29T17:15:35Z
Python (programming language)	Peterl	2012-05-29T02:06:12Z
Python (programming language)	Derek farn	2012-05-29T01:35:05Z
Python (programming language)	Elektrik Shoos	2012-05-26T05:00:53Z
Python (programming language)	67.191.12.216	2012-05-26T05:00:09Z
Python (programming language)	91.115.25.101	2012-05-25T23:33:42Z
Python (programming language)	Carstensen	2012-05-24T17:28:45Z
Python (programming language)	PartTimeGnome	2012-05-22T21:31:57Z
Python (programming language)	Cybercobra	2012-05-20T01:53:39Z
Python (programming language)	Hydrargyrum	2012-05-18T19:48:36Z
Python (programming language)	Andy Dingley	2012-05-16T19:00:03Z
Python (programming language)	123.237.68.75	2012-05-16T18:42:00Z
Python (programming language)	123.237.68.75	2012-05-16T18:41:14Z
Python (programming language)	Ohconfucius	2012-05-16T14:26:46Z
Python (programming language)	Gadfium	2012-05-09T02:56:31Z
Python (programming language)	Xan2	2012-05-08T19:46:38Z
Python (programming language)	Marko Knoebl	2012-05-06T22:41:21Z
Python (programming language)	Joe Schmedley	2012-05-06T19:21:48Z
Python (programming language)	Tpbradbury	2012-05-06T12:02:12Z
Python (programming language)	Tpbradbury	2012-05-06T11:54:15Z
Python (programming language)	Tpbradbury	2012-05-06T11:38:42Z
Python (programming language)	Paul evans	2012-05-05T18:28:06Z
Python (programming language)	Paul evans	2012-05-05T18:19:56Z
Python (programming language)	Paul evans	2012-05-05T17:10:16Z
Python (programming language)	Paul evans	2012-05-05T16:07:05Z
Python (programming language)	Kbh3rd	2012-05-04T01:59:05Z
Python (programming language)	174.48.195.49	2012-05-04T01:58:46Z
Python (programming language)	174.48.195.49	2012-05-04T01:58:10Z
Python (programming language)	Cybercobra	2012-04-30T17:15:25Z
Python (programming language)	128.249.1.202	2012-04-30T16:07:48Z
Python (programming language)	128.249.1.202	2012-04-30T16:05:34Z
Python (programming language)	HiLo48	2012-04-27T05:06:43Z
Python (programming language)	121.54.92.103	2012-04-27T05:01:54Z
Python (programming language)	145.103.102.117	2012-04-26T11:23:35Z
Python (programming language)	78.104.157.19	2012-04-25T00:28:13Z
Python (programming language)	78.104.157.19	2012-04-25T00:21:05Z
Python (programming language)	89.144.206.163	2012-04-24T09:44:32Z
Python (programming language)	Cybercobra	2012-04-23T22:29:27Z
Python (programming language)	Peterl	2012-04-23T22:10:24Z
Python (programming language)	188.23.233.22	2012-04-23T11:03:19Z
Python (programming language)	188.23.233.22	2012-04-23T10:42:27Z
Python (programming language)	188.23.233.22	2012-04-23T10:37:34Z
Python (programming language)	188.23.233.22	2012-04-23T10:25:38Z
Python (programming language)	OPi	2012-04-23T07:28:40Z
Python (programming language)	98.196.232.39	2012-04-23T06:39:50Z
Python (programming language)	Ready	2012-04-22T19:53:22Z
Python (programming language)	81.152.147.207	2012-04-20T18:32:24Z
Python (programming language)	81.152.147.207	2012-04-20T18:31:23Z
Python (programming language)	Cybercobra	2012-04-18T21:35:22Z
Python (programming language)	15.219.153.75	2012-04-18T19:16:18Z
Python (programming language)	Jerryobject	2012-04-16T07:02:50Z
Python (programming language)	Jerryobject	2012-04-16T06:13:56Z
Python (programming language)	Jerryobject	2012-04-12T01:23:03Z
Python (programming language)	114.76.87.168	2012-04-12T00:36:27Z
Python (programming language)	Midinastasurazz	2012-04-10T05:58:40Z
Python (programming language)	ClueBot NG	2012-04-09T00:32:42Z
Python (programming language)	218.208.91.130	2012-04-09T00:32:28Z
Python (programming language)	Cybercobra	2012-04-05T17:05:16Z
Python (programming language)	89.241.79.169	2012-04-05T15:32:56Z
Python (programming language)	Yobot	2012-04-05T09:27:52Z
Python (programming language)	Andy Dingley	2012-04-03T15:56:15Z
Python (programming language)	69.191.241.48	2012-04-03T15:22:41Z
Python (programming language)	Helpful Pixie Bot	2012-03-27T13:09:11Z
Python (programming language)	Feg99	2012-03-25T20:02:09Z
Python (programming language)	Cybercobra	2012-03-24T16:01:21Z
Python (programming language)	120.140.121.33	2012-03-24T14:59:24Z
Python (programming language)	Gadfium	2012-03-24T08:13:40Z
Python (programming language)	120.140.253.162	2012-03-24T08:08:17Z
Python (programming language)	Cybercobra	2012-03-23T01:43:00Z
Python (programming language)	162.84.149.83	2012-03-23T01:28:29Z
Python (programming language)	162.84.149.83	2012-03-23T01:27:38Z
Python (programming language)	Mkouklis	2012-03-18T16:30:51Z
Python (programming language)	Jarble	2012-03-18T15:24:07Z
Python (programming language)	71.59.253.229	2012-03-17T05:54:26Z
Python (programming language)	207.133.71.245	2012-03-12T19:32:15Z
Python (programming language)	Jeysaba	2012-03-12T06:07:02Z
Python (programming language)	Peterl	2012-03-11T21:29:19Z
Python (programming language)	Piet Delport	2012-03-09T14:46:09Z
Python (programming language)	Piet Delport	2012-03-09T14:39:37Z
Python (programming language)	Gadfium	2012-03-08T07:50:15Z
Python (programming language)	Cybercobra	2012-03-08T06:50:14Z
Python (programming language)	203.171.73.147	2012-03-08T06:47:51Z
Python (programming language)	Cybercobra	2012-03-05T20:35:34Z
Python (programming language)	Edward	2012-03-05T15:10:30Z
Python (programming language)	Cybercobra	2012-03-03T19:27:38Z
Python (programming language)	24.168.22.132	2012-03-03T19:12:37Z
Python (programming language)	RedBot	2012-03-01T16:39:58Z
Python (programming language)	1exec1	2012-02-29T19:06:12Z
Python (programming language)	Demonkoryu	2012-02-29T15:50:37Z
Python (programming language)	163.238.111.38	2012-02-29T15:30:12Z
Python (programming language)	AnomieBOT	2012-02-24T10:05:48Z
Python (programming language)	Cybercobra	2012-02-24T09:47:08Z
Python (programming language)	Cybercobra	2012-02-24T09:45:39Z
Python (programming language)	Cybercobra	2012-02-24T09:41:38Z
Python (programming language)	Lrekucki	2012-02-24T07:31:53Z
Python (programming language)	Jeysaba	2012-02-21T05:20:17Z
Python (programming language)	Jeysaba	2012-02-20T09:21:32Z
Python (programming language)	Jeysaba	2012-02-20T03:23:44Z
Python (programming language)	Jeysaba	2012-02-20T02:45:37Z
Python (programming language)	Jeysaba	2012-02-20T02:26:46Z
Python (programming language)	Jeysaba	2012-02-20T02:23:03Z
Python (programming language)	Razorx	2012-02-18T14:15:34Z
Python (programming language)	Cybercobra	2012-02-17T18:58:14Z
Python (programming language)	Cybercobra	2012-02-17T18:55:35Z
Python (programming language)	81.215.229.142	2012-02-17T13:35:07Z
Python (programming language)	198.60.241.34	2012-02-16T22:36:05Z
Python (programming language)	198.60.241.34	2012-02-16T22:34:59Z
Python (programming language)	198.60.241.34	2012-02-16T22:30:30Z
Python (programming language)	AnomieBOT	2012-02-15T14:53:54Z
Python (programming language)	Strcat	2012-02-15T14:35:09Z
Python (programming language)	Strcat	2012-02-15T14:33:34Z
Python (programming language)	Strcat	2012-02-15T14:31:51Z
Python (programming language)	Soshial	2012-02-15T09:52:55Z
Python (programming language)	Jeysaba	2012-02-12T20:14:08Z
Python (programming language)	Jeysaba	2012-02-12T20:12:48Z
Python (programming language)	Jeysaba	2012-02-11T23:04:37Z
Python (programming language)	Jeysaba	2012-02-11T19:35:28Z
Python (programming language)	Johnuniq	2012-02-11T07:09:38Z
Python (programming language)	IkamusumeFan	2012-02-11T06:45:28Z
Python (programming language)	Ripchip Bot	2012-02-09T20:31:12Z
Python (programming language)	Cybercobra	2012-02-09T06:28:06Z
Python (programming language)	Cybercobra	2012-02-09T06:07:09Z
Python (programming language)	Cybercobra	2012-02-09T06:00:05Z
Python (programming language)	68.36.53.20	2012-02-09T02:07:59Z
Python (programming language)	68.36.53.20	2012-02-09T02:07:04Z
Python (programming language)	Cybercobra	2012-02-07T23:17:41Z
Python (programming language)	Andy Dingley	2012-02-07T22:16:52Z
Python (programming language)	Gilderien	2012-02-07T22:08:45Z
Python (programming language)	PavelSolin	2012-02-06T22:08:19Z
Python (programming language)	Johnuniq	2012-02-06T03:30:37Z
Python (programming language)	PavelSolin	2012-02-06T03:16:48Z
Python (programming language)	PavelSolin	2012-02-06T03:09:10Z
Python (programming language)	PavelSolin	2012-02-06T03:07:40Z
Python (programming language)	Cybercobra	2012-02-06T03:00:28Z
Python (programming language)	PavelSolin	2012-02-06T02:31:11Z
Python (programming language)	Strcat	2012-02-02T18:47:57Z
Python (programming language)	Strcat	2012-02-02T18:43:52Z
Python (programming language)	Cybercobra	2012-02-02T11:11:56Z
Python (programming language)	Andy Dingley	2012-02-02T10:33:29Z
Python (programming language)	Peterl	2012-02-02T08:51:08Z
Python (programming language)	Strcat	2012-02-02T02:15:15Z
Python (programming language)	12.106.168.131	2012-02-01T22:21:15Z
Python (programming language)	AnomieBOT	2012-02-01T10:30:00Z
Python (programming language)	Cybercobra	2012-02-01T10:10:47Z
Python (programming language)	78.152.248.179	2012-01-31T21:16:03Z
Python (programming language)	78.152.248.179	2012-01-31T21:14:51Z
Python (programming language)	78.152.248.179	2012-01-31T21:08:54Z
Python (programming language)	Andy Dingley	2012-01-31T01:59:20Z
Python (programming language)	98.88.160.140	2012-01-31T01:58:15Z
Python (programming language)	86.31.77.3	2012-01-31T00:58:17Z
Python (programming language)	24.94.190.59	2012-01-30T21:50:29Z
Python (programming language)	Razorx	2012-01-30T16:42:16Z
Python (programming language)	Cybercobra	2012-01-28T20:25:43Z
Python (programming language)	Titusfx	2012-01-28T19:02:16Z
Python (programming language)	41.70.155.9	2012-01-28T18:56:39Z
Python (programming language)	192.39.106.77	2012-01-26T09:31:25Z
Python (programming language)	Andy Dingley	2012-01-23T22:35:54Z
Python (programming language)	PavelSolin	2012-01-23T21:13:31Z
Python (programming language)	Vadmium	2012-01-21T14:51:22Z
Python (programming language)	84.50.78.114	2012-01-21T14:02:07Z
Python (programming language)	P.T. Aufrette	2012-01-16T07:14:36Z
Python (programming language)	69.156.97.179	2012-01-16T06:58:49Z
Python (programming language)	AnomieBOT	2012-01-15T23:10:00Z
Python (programming language)	Cybercobra	2012-01-15T22:49:32Z
Python (programming language)	Cybercobra	2012-01-15T22:48:47Z
Python (programming language)	JoeBruno	2012-01-15T14:38:32Z
Python (programming language)	Cybercobra	2012-01-10T21:12:03Z
Python (programming language)	Cybercobra	2012-01-10T21:07:54Z
Python (programming language)	Cybercobra	2012-01-10T21:05:06Z
Python (programming language)	Cybercobra	2012-01-10T20:59:16Z
Python (programming language)	Cybercobra	2012-01-10T20:58:33Z
Python (programming language)	Bazonka	2012-01-10T19:05:34Z
Python (programming language)	Paddy3118	2012-01-10T14:31:45Z
Python (programming language)	Gadfium	2012-01-09T20:13:02Z
Python (programming language)	Paddy3118	2012-01-09T11:09:04Z
Python (programming language)	Algebraic	2012-01-09T02:46:28Z
Python (programming language)	MithrandirAgain	2012-01-08T23:26:20Z
Python (programming language)	Cydebot	2012-01-08T03:33:33Z
Python (programming language)	EmausBot	2012-01-04T01:20:01Z
Python (programming language)	missing	2012-01-02T06:11:14Z
Python (programming language)	Paddy3118	2011-12-30T10:59:13Z
Python (programming language)	Peterl	2011-12-30T00:16:32Z
Python (programming language)	80.100.178.156	2011-12-23T13:30:50Z
Python (programming language)	P.T. Aufrette	2011-12-23T05:18:03Z
Python (programming language)	Peterl	2011-12-23T00:51:06Z
Python (programming language)	77.198.134.10	2011-12-22T16:06:17Z
Python (programming language)	Thumperward	2011-12-20T12:31:07Z
Python (programming language)	82.136.45.2	2011-12-16T11:56:50Z
Python (programming language)	Ricvelozo	2011-12-08T16:01:08Z
Python (programming language)	Ricvelozo	2011-12-08T16:00:17Z
Python (programming language)	Mkouklis	2011-12-04T13:53:12Z
Python (programming language)	Mkouklis	2011-12-04T13:42:34Z
Python (programming language)	Logan	2011-12-03T16:59:42Z
Python (programming language)	76.113.96.10	2011-12-03T16:57:20Z
Python (programming language)	76.113.96.10	2011-12-03T16:54:49Z
Python (programming language)	Marko Knoebl	2011-11-30T15:27:36Z
Python (programming language)	Yaris678	2011-11-27T17:52:47Z
Python (programming language)	Piet Delport	2011-11-26T19:25:44Z
Python (programming language)	Cybercobra	2011-11-26T02:49:10Z
Python (programming language)	Yaris678	2011-11-25T18:00:40Z
Python (programming language)	Singhalawap	2011-11-25T09:09:55Z
